u,v,w,x,
0.231452,0.584857,0.787225,0.675222,1
0.177862,0.714286,0.838557,0.165197,1
0.887234,0.714255,0.456526,0.451674,2
0.623890,0.663228,0.290963,0.429579,3
0.670370,0.311777,0.795770,0.120518,4
0.311838,0.254067,0.339305,0.466445,0
0.080447,0.319987,0.653127,0.109500,4
0.040529,0.844417,0.649068,0.064455,1
0.396161,0.969573,0.137333,0.690207,0
0.202155,0.636708,0.476150,0.865932,0
0.460036,0.423872,0.683889,0.778954,0
0.379833,0.885250,0.045900,0.230018,3
0.089053,0.548723,0.746391,0.862453,0
0.570482,0.228278,0.556902,0.221168,4
0.109470,0.806604,0.113041,0.048555,3
0.032350,0.144993,0.809931,0.722282,0
0.017151,0.276315,0.848201,0.242317,4
0.757714,0.537522,0.461776,0.672994,2
0.262673,0.797632,0.858394,0.446333,1
0.570452,0.438002,0.904294,0.432997,4
0.161443,0.240608,0.084140,0.186926,3
0.848842,0.840693,0.768151,0.270333,1
0.428968,0.900296,0.316172,0.064699,3
0.873043,0.658773,0.051881,0.974670,2
0.340831,0.016175,0.636738,0.430372,4
0.797967,0.806635,0.875729,0.595447,2
0.518021,0.416761,0.486190,0.185553,3
0.250679,0.406751,0.860469,0.305368,4
0.337016,0.289010,0.354289,0.708609,0
0.553362,0.121769,0.131474,0.388623,3
0.964965,0.073000,0.096683,0.905271,2
0.570635,0.611560,0.947508,0.354045,1
0.019684,0.481368,0.876309,0.384564,1
0.182440,0.115146,0.954619,0.173528,4
0.855220,0.643849,0.729606,0.759575,2
0.381695,0.157872,0.065127,0.645253,0
0.471450,0.376812,0.758171,0.073122,4
0.996826,0.383343,0.961608,0.881954,2
0.049684,0.577899,0.945158,0.348735,1
0.039399,0.510453,0.225440,0.924223,0
0.112674,0.745354,0.596423,0.266213,1
0.677114,0.415509,0.091189,0.478805,3
0.309671,0.622669,0.407208,0.962523,0
0.830927,0.339122,0.825190,0.781945,2
0.826716,0.968169,0.153478,0.957579,2
0.398175,0.218390,0.729453,0.587390,4
0.421766,0.449416,0.008179,0.204993,3
0.099979,0.143803,0.770837,0.280068,4
0.084780,0.662862,0.482864,0.267953,1
0.954039,0.941343,0.834620,0.114078,1
0.323008,0.278268,0.993957,0.619861,4
0.372051,0.879482,0.603687,0.576037,1
0.071017,0.308329,0.054109,0.070101,3
0.882748,0.501206,0.062227,0.873470,2
0.225898,0.503189,0.088839,0.315073,3
0.479171,0.581164,0.624836,0.547899,1
0.807428,0.869900,0.877743,0.613697,2
0.591571,0.207495,0.890164,0.213324,4
0.743217,0.316965,0.620838,0.588275,4
0.685018,0.989074,0.020051,0.419446,3
0.278848,0.424024,0.630268,0.150304,4
0.481948,0.387280,0.743431,0.639760,4
0.013123,0.336192,0.646352,0.551317,0
0.809961,0.173376,0.985015,0.385144,4
0.558123,0.783685,0.779260,0.558550,1
0.074374,0.010163,0.119388,0.441908,0
0.824335,0.226295,0.075289,0.755699,2
0.355998,0.159398,0.849971,0.235176,4
0.930906,0.123020,0.708304,0.968902,2
0.133580,0.313425,0.712699,0.317209,4
0.740776,0.326548,0.796167,0.817286,2
0.631703,0.552507,0.205084,0.980529,2
0.020753,0.602710,0.842006,0.388867,1
0.793329,0.426771,0.540147,0.996307,2
0.226814,0.275063,0.800897,0.041353,4
0.877407,0.163152,0.025239,0.477676,3
0.914151,0.994537,0.770959,0.327860,1
0.681600,0.997620,0.065950,0.867977,2
0.772301,0.633747,0.309976,0.047731,3
0.389966,0.631916,0.795099,0.053957,1
0.285379,0.306711,0.376751,0.422285,0
0.045503,0.815882,0.326518,0.604266,0
0.017304,0.513321,0.897488,0.395672,1
0.647938,0.054323,0.634053,0.132420,4
0.521775,0.408826,0.957091,0.060488,4
0.876278,0.439100,0.055452,0.785455,2
0.877499,0.198401,0.615833,0.208808,4
0.436506,0.606128,0.421308,0.856777,0
0.848384,0.656697,0.350566,0.007721,3
0.034272,0.817438,0.808802,0.524888,1
0.668722,0.772362,0.121128,0.800317,2
0.972533,0.168096,0.920804,0.716392,4
0.453261,0.517563,0.061861,0.031251,3
0.374096,0.918485,0.089633,0.094272,3
0.232368,0.742454,0.797967,0.297769,1
0.029420,0.951048,0.906217,0.171361,1
0.612323,0.194891,0.386731,0.525285,4
0.869320,0.352519,0.473556,0.548448,2
0.060183,0.664754,0.884304,0.268227,1
0.062349,0.120884,0.286050,0.277566,3
0.814356,0.253548,0.536760,0.135899,4
0.737785,0.997436,0.733207,0.350414,1
0.419263,0.769097,0.596759,0.343181,1
0.333018,0.423688,0.228553,0.311472,3
0.886044,0.244758,0.764763,0.386303,4
0.566454,0.623615,0.963652,0.996460,2
0.477126,0.584246,0.255470,0.843623,0
0.034852,0.810480,0.286752,0.395337,0
0.116916,0.330973,0.489395,0.301492,0
0.436354,0.519028,0.707083,0.640980,0
0.426679,0.562731,0.409040,0.404920,3
0.417859,0.062410,0.523392,0.122074,4
0.384594,0.911069,0.420454,0.033448,1
0.047761,0.114261,0.078066,0.721702,0
0.611194,0.705954,0.959593,0.601947,1
0.913724,0.415754,0.636036,0.180303,4
0.279305,0.245155,0.683706,0.486190,4
0.845088,0.607532,0.888455,0.584399,2
0.649342,0.189032,0.287759,0.573992,3
0.260720,0.186804,0.081942,0.979400,0
0.229347,0.079775,0.945891,0.940611,0
0.141697,0.589465,0.772271,0.108188,1
0.560228,0.986114,0.377697,0.649831,2
0.628864,0.396954,0.203223,0.274331,3
0.625874,0.272713,0.539811,0.679586,2
0.245369,0.668416,0.310800,0.330332,3
0.888333,0.494949,0.942137,0.972716,2
0.744682,0.397687,0.351726,0.790887,2
0.947935,0.418134,0.589312,0.612903,2
0.582842,0.095279,0.157689,0.071261,3
0.828455,0.162297,0.547197,0.125248,4
0.016419,0.495529,0.014039,0.850490,0
0.887387,0.471511,0.134159,0.902341,2
0.825068,0.388501,0.163793,0.559679,2
0.350871,0.108615,0.737632,0.754662,4
0.659047,0.577136,0.936521,0.995300,2
0.474075,0.374645,0.255287,0.586657,0
0.012055,0.959166,0.502243,0.057405,1
0.326212,0.753319,0.161657,0.197424,3
0.818964,0.734184,0.250313,0.613117,2
0.200751,0.680685,0.199438,0.206519,3
0.678091,0.735801,0.793420,0.484603,1
0.650533,0.439497,0.696005,0.104648,4
0.699332,0.888485,0.596332,0.562548,2
0.147984,0.179022,0.504593,0.429548,0
0.976501,0.789666,0.229957,0.044435,3
0.370220,0.059206,0.570940,0.066775,4
0.685018,0.416852,0.250191,0.797845,2
0.109226,0.520524,0.124546,0.675375,0
0.804743,0.959563,0.701804,0.848506,2
0.807092,0.678274,0.495224,0.238746,3
0.467391,0.776299,0.247383,0.993927,2
0.715934,0.842280,0.554277,0.740471,2
0.929472,0.476760,0.921171,0.541398,4
0.683340,0.161290,0.781152,0.964965,2
0.169591,0.128788,0.508072,0.171422,4
0.562304,0.392682,0.954680,0.423353,4
0.111454,0.590289,0.547472,0.926054,0
0.246529,0.796808,0.469527,0.404279,1
0.471297,0.966430,0.962218,0.321818,1
0.330515,0.156560,0.277627,0.149510,3
0.230628,0.191565,0.312449,0.588519,0
0.394696,0.922117,0.454634,0.154942,1
0.733879,0.736412,0.674551,0.032075,1
0.915647,0.480026,0.391156,0.596301,2
0.411023,0.439772,0.145054,0.523118,3
0.801202,0.548296,0.609363,0.879788,2
0.125309,0.465957,0.969604,0.110019,1
0.550584,0.695486,0.204199,0.318033,3
0.145817,0.386517,0.296609,0.757347,0
0.039735,0.985412,0.910031,0.930937,1
0.745262,0.387402,0.556566,0.209082,4
0.931242,0.746696,0.791772,0.371105,2
0.422407,0.601032,0.465590,0.976928,0
0.709525,0.467208,0.561480,0.975097,2
0.750023,0.563189,0.654500,0.453475,2
0.341227,0.813715,0.519791,0.938749,0
0.847224,0.795190,0.922758,0.150700,1
0.560106,0.776299,0.122135,0.618336,3
0.477462,0.510788,0.117191,0.063051,3
0.777245,0.937986,0.170324,0.956114,2
0.770898,0.448317,0.636189,0.155797,4
0.616352,0.869167,0.628864,0.031220,1
0.572192,0.827723,0.558245,0.978423,2
0.073763,0.647237,0.066378,0.735435,0
0.413160,0.432478,0.396161,0.402570,3
0.303659,0.501053,0.722098,0.573840,1
0.110385,0.816706,0.475875,0.485824,1
0.028169,0.580554,0.197058,0.590777,0
0.987945,0.637165,0.940306,0.459487,2
0.572710,0.851131,0.770745,0.420576,1
0.724937,0.110385,0.378277,0.842280,2
0.525803,0.113285,0.342357,0.463240,4
0.828272,0.594562,0.078433,0.678304,2
0.024567,0.147252,0.997253,0.185369,4
0.730247,0.296640,0.908231,0.900479,2
0.664785,0.982238,0.198340,0.545885,2
0.511307,0.104343,0.817682,0.818873,4
0.035798,0.291208,0.602588,0.546648,0
0.247505,0.543290,0.968383,0.733818,1
0.881161,0.910398,0.502182,0.908628,2
0.983398,0.858821,0.487381,0.674367,2
0.883297,0.483657,0.891201,0.872219,2
0.329447,0.223273,0.846126,0.261391,4
0.073916,0.232154,0.156896,0.123386,3
0.684957,0.067843,0.864223,0.696066,4
0.869259,0.848933,0.396100,0.844325,2
0.085482,0.539689,0.338572,0.873012,0
0.729942,0.518265,0.356670,0.889096,2
0.675649,0.083895,0.297098,0.618549,4
0.446394,0.060305,0.003784,0.084689,3
0.806696,0.150609,0.877682,0.054140,4
0.048891,0.200690,0.711600,0.656575,0
0.759178,0.026978,0.832179,0.084506,4
0.342753,0.964904,0.079318,0.779565,0
0.090701,0.794244,0.655110,0.011017,1
0.068453,0.197851,0.372845,0.253609,3
0.608448,0.409680,0.337870,0.269906,3
0.686819,0.208533,0.591174,0.304544,4
0.966887,0.913816,0.747337,0.295572,1
0.789148,0.539445,0.157598,0.509934,3
0.890469,0.762230,0.629933,0.508866,2
0.132389,0.861049,0.236427,0.849757,0
0.021149,0.282723,0.240516,0.430403,0
0.299356,0.991455,0.674062,0.882260,1
0.391369,0.257332,0.596301,0.918760,0
0.983734,0.040864,0.565661,0.044710,4
0.521226,0.629353,0.355663,0.533799,3
0.900388,0.681234,0.446364,0.079226,3
0.141484,0.335368,0.322214,0.025025,3
0.320414,0.540544,0.107913,0.583453,0
0.541246,0.262215,0.573534,0.944823,2
0.231391,0.722495,0.039766,0.686453,0
0.540300,0.329203,0.215186,0.386547,3
0.122471,0.451155,0.495834,0.849422,0
0.087130,0.694937,0.759606,0.848170,0
0.394543,0.840236,0.185522,0.791467,0
0.481338,0.089389,0.129948,0.220191,3
0.395337,0.787805,0.590503,0.540452,1
0.221412,0.271096,0.289163,0.899258,0
0.079714,0.995788,0.905881,0.608783,1
0.477371,0.608997,0.493606,0.026124,3
0.294778,0.114353,0.606586,0.294015,4
0.188299,0.789514,0.172246,0.849239,0
0.689871,0.011750,0.639027,0.104862,4
0.785211,0.648640,0.430403,0.212714,3
0.251961,0.168523,0.237190,0.311838,3
0.538560,0.128910,0.178655,0.169897,3
0.465682,0.197211,0.364299,0.623127,0
0.530931,0.361553,0.886929,0.721519,4
0.098453,0.486862,0.779015,0.985260,0
0.254646,0.873287,0.963012,0.678854,1
0.610797,0.972472,0.726981,0.508957,1
0.834620,0.918577,0.756951,0.652272,2
0.191260,0.029633,0.257179,0.519944,0
0.875698,0.936521,0.189581,0.164281,3
0.416791,0.494125,0.163366,0.734642,0
0.935606,0.133000,0.006623,0.887997,2
0.537736,0.806146,0.550462,0.561083,1
0.622395,0.187689,0.657521,0.010163,4
0.388073,0.280160,0.025819,0.524491,3
0.317270,0.085910,0.799310,0.719779,4
0.920621,0.499344,0.515976,0.818293,2
0.522141,0.075930,0.425642,0.821131,0
0.366955,0.834956,0.707694,0.979705,0
0.832240,0.750816,0.620624,0.472060,2
0.022980,0.091037,0.114505,0.690634,0
0.533921,0.255470,0.937651,0.047456,4
0.658650,0.274026,0.768273,0.703452,4
0.827204,0.618793,0.403424,0.127384,3
0.553423,0.486984,0.535295,0.891690,2
0.673452,0.210547,0.146855,0.610340,3
0.156255,0.949400,0.057955,0.425886,3
0.267983,0.323557,0.652943,0.951567,0
0.370830,0.141606,0.321085,0.074404,3
0.137944,0.880581,0.641530,0.526414,1
0.465743,0.074343,0.843196,0.629109,4
0.864650,0.266396,0.571520,0.118503,4
0.609546,0.683279,0.493118,0.456221,2
0.431410,0.284951,0.769524,0.533158,4
0.030976,0.348491,0.931333,0.172124,1
0.196204,0.241157,0.183874,0.335490,3
0.804224,0.539140,0.676229,0.444075,2
0.489364,0.148167,0.763573,0.713797,4
0.258797,0.582781,0.795770,0.915983,0
0.836085,0.059267,0.462020,0.467818,4
0.014954,0.560137,0.223670,0.259224,3
0.804102,0.524918,0.866115,0.122105,4
0.643788,0.324473,0.700980,0.348521,4
0.476547,0.174749,0.450087,0.164129,4
0.952269,0.646138,0.342296,0.562548,2
0.549394,0.424787,0.454390,0.407697,3
0.893551,0.482162,0.827387,0.209754,4
0.054231,0.309183,0.389599,0.481185,0
0.101962,0.370769,0.217414,0.079226,3
0.705832,0.437544,0.165380,0.440840,3
0.053438,0.950835,0.396496,0.116459,1
0.874844,0.076724,0.844325,0.509018,4
0.850398,0.606464,0.137913,0.224036,3
0.185461,0.358043,0.020844,0.937529,0
0.631916,0.236641,0.795770,0.187506,4
0.738151,0.609149,0.825251,0.995819,2
0.609119,0.149541,0.621113,0.726096,4
0.957152,0.811182,0.552355,0.084384,3
0.725120,0.082247,0.703665,0.668599,4
0.063173,0.180731,0.915677,0.972991,0
0.940245,0.345134,0.537919,0.254006,4
0.171239,0.876949,0.926145,0.163823,1
0.142155,0.091525,0.214759,0.557451,0
0.013031,0.833430,0.396130,0.380078,1
0.681143,0.712210,0.237709,0.040834,3
0.284829,0.715415,0.068270,0.178930,3
0.530076,0.354778,0.964568,0.228736,4
0.619983,0.001679,0.369457,0.689962,4
0.069674,0.568468,0.673452,0.509110,1
0.186651,0.191687,0.789636,0.478469,4
0.498733,0.073489,0.254585,0.059084,3
0.910428,0.137547,0.885739,0.533647,4
0.869076,0.655599,0.526475,0.895810,2
0.322001,0.501022,0.910703,0.381939,1
0.745933,0.185614,0.177404,0.052034,3
0.029847,0.335673,0.067263,0.325327,3
0.492904,0.764000,0.331797,0.877316,2
0.817896,0.793725,0.386883,0.804559,2
0.182318,0.990356,0.741630,0.463179,1
0.367992,0.958281,0.233711,0.887448,0
0.130192,0.357952,0.602863,0.194494,4
0.607929,0.800165,0.433332,0.882168,2
0.056490,0.773278,0.996826,0.424909,1
0.683676,0.260109,0.026887,0.075564,3
0.870327,0.200507,0.956633,0.277749,4
0.557390,0.455763,0.649892,0.596393,4
0.079928,0.431227,0.158574,0.571734,0
0.229804,0.013581,0.536027,0.403577,4
0.828059,0.978668,0.238563,0.871822,2
0.588153,0.526109,0.146214,0.399548,3
0.551927,0.097446,0.733543,0.664968,4
0.878567,0.133641,0.422468,0.668477,2
0.268532,0.928129,0.647755,0.660939,1
0.803827,0.231758,0.666738,0.839625,2
0.484725,0.766503,0.644337,0.217963,1
0.246071,0.302835,0.044862,0.575518,0
0.732383,0.458419,0.861660,0.893796,2
0.614521,0.873440,0.715598,0.185308,1
0.728507,0.919187,0.354625,0.121036,3
0.817835,0.596210,0.584246,0.363079,2
0.160497,0.778039,0.161290,0.008484,3
0.862117,0.456893,0.681783,0.051027,4
0.096225,0.147740,0.994079,0.266427,4
0.073305,0.106449,0.168706,0.427869,0
0.019227,0.519150,0.556261,0.257698,1
0.945067,0.318003,0.963988,0.021912,4
0.488815,0.780694,0.483352,0.173315,1
0.611164,0.568865,0.998840,0.949705,2
0.425306,0.362835,0.909604,0.333415,4
0.943449,0.747673,0.095676,0.278787,3
0.020081,0.507828,0.659200,0.612873,0
0.274209,0.986297,0.472243,0.516587,1
0.270882,0.664022,0.062899,0.992187,0
0.744072,0.616901,0.870174,0.223151,1
0.141728,0.005402,0.399304,0.233161,4
0.274422,0.254067,0.309030,0.749809,0
0.348399,0.076357,0.961272,0.679891,4
0.165258,0.001740,0.465346,0.102206,4
0.768334,0.560900,0.747398,0.184240,4
0.317820,0.785272,0.676412,0.928800,0
0.475845,0.177435,0.778314,0.156957,4
0.082095,0.808435,0.569079,0.633931,0
0.402326,0.698141,0.038209,0.743187,0
0.729698,0.135441,0.313913,0.616230,2
0.621448,0.093600,0.041169,0.123295,3
0.551256,0.398114,0.503891,0.631886,2
0.259102,0.802301,0.022553,0.938871,0
0.579363,0.627735,0.658376,0.282907,1
0.028871,0.125095,0.755486,0.843196,0
0.936033,0.212165,0.352062,0.630451,2
0.391949,0.744865,0.992187,0.177221,1
0.805383,0.977874,0.968871,0.932981,2
0.342265,0.370922,0.530412,0.770379,0
0.031343,0.396954,0.080691,0.509659,0
0.816950,0.508621,0.904874,0.866176,2
0.340342,0.919187,0.451643,0.728629,0
0.731071,0.353923,0.703604,0.173101,4
0.188818,0.428968,0.666616,0.120212,1
0.638142,0.812799,0.509445,0.040468,1
0.236061,0.827509,0.385357,0.615345,0
0.015076,0.645802,0.466292,0.759087,0
0.441725,0.739738,0.221381,0.908628,0
0.172491,0.737754,0.470717,0.986969,0
0.788507,0.346355,0.245857,0.946806,2
0.789636,0.492080,0.988189,0.300333,4
0.629871,0.340892,0.116428,0.541948,3
0.074770,0.350383,0.494552,0.869320,0
0.662679,0.011719,0.831294,0.109836,4
0.550310,0.437086,0.542497,0.258522,4
0.524796,0.449141,0.107852,0.533128,3
0.462752,0.328806,0.452803,0.353221,4
0.017792,0.877285,0.387005,0.149602,1
0.818140,0.949004,0.630940,0.409680,1
0.954680,0.111270,0.461592,0.865627,2
0.041932,0.587451,0.508347,0.231300,1
0.632282,0.139195,0.730705,0.394299,4
0.264504,0.044801,0.108798,0.469253,3
0.929258,0.829157,0.078249,0.618763,2
0.230903,0.902127,0.240028,0.048189,3
0.028535,0.761254,0.377239,0.080447,1
0.836299,0.915342,0.309854,0.717185,2
0.765038,0.184698,0.618336,0.592456,4
0.285989,0.534928,0.767815,0.725394,0
0.598254,0.099796,0.663900,0.977752,2
0.880673,0.550249,0.171361,0.622883,2
0.210028,0.464949,0.626972,0.932401,0
0.426466,0.859310,0.877590,0.186377,1
0.727195,0.528764,0.875088,0.014008,4
0.270180,0.363048,0.359172,0.470168,0
0.569018,0.286996,0.659169,0.754906,2
0.959502,0.985046,0.146245,0.981658,2
0.920225,0.064669,0.367504,0.900418,2
0.527879,0.816004,0.392529,0.982360,2
0.828333,0.223029,0.404614,0.772088,2
0.405103,0.383221,0.066805,0.913572,0
0.926481,0.991607,0.695151,0.756188,2
0.952116,0.045259,0.769341,0.947203,2
0.780969,0.425275,0.812830,0.916715,2
0.621265,0.511307,0.173223,0.661489,2
0.864071,0.486221,0.734306,0.733848,2
0.741600,0.485824,0.090884,0.841884,2
0.151555,0.251045,0.218055,0.967223,0
0.928800,0.438032,0.165441,0.406720,3
0.345378,0.242744,0.808466,0.644124,4
0.120487,0.496445,0.187078,0.458083,0
0.721397,0.887814,0.464370,0.172796,1
0.236427,0.468459,0.034516,0.457534,3
0.601886,0.098056,0.813379,0.580889,4
0.463424,0.984802,0.241310,0.526902,3
0.453383,0.977996,0.030488,0.878384,2
0.165746,0.769036,0.187414,0.874111,0
0.609210,0.656545,0.342143,0.546220,2
0.420209,0.032258,0.915464,0.343883,4
0.617115,0.244179,0.155004,0.149449,3
0.176275,0.992492,0.572161,0.093631,1
0.212073,0.915128,0.810053,0.075472,1
0.041261,0.519181,0.474868,0.394086,0
0.913785,0.114048,0.961272,0.397382,4
0.690451,0.902890,0.802820,0.555223,1
0.249397,0.888424,0.579669,0.862178,0
0.902280,0.749626,0.913572,0.976959,2
0.601215,0.345286,0.582293,0.004120,4
0.218482,0.000580,0.284433,0.324931,3
0.679250,0.233497,0.085879,0.383007,3
0.229286,0.076540,0.078951,0.831416,0
0.618915,0.650685,0.285989,0.947386,2
0.483566,0.147374,0.338115,0.720817,0
0.703726,0.875179,0.960784,0.522874,1
0.023865,0.526719,0.796991,0.760826,0
0.712973,0.323130,0.599963,0.425520,4
0.546800,0.191290,0.325938,0.937834,0
0.894253,0.630665,0.158696,0.199927,3
0.187902,0.425703,0.997162,0.258003,1
0.561174,0.860622,0.436567,0.482650,1
0.932127,0.591723,0.775994,0.672903,2
0.316172,0.834834,0.081332,0.990478,0
0.648640,0.022950,0.837428,0.130284,4
0.897946,0.591113,0.218024,0.633595,2
0.751366,0.044343,0.507370,0.749931,4
0.654195,0.965178,0.702628,0.754051,2
0.483749,0.116672,0.829310,0.124363,4
0.639302,0.297769,0.001160,0.488845,3
0.829279,0.106204,0.755303,0.744743,4
0.336985,0.266671,0.693655,0.258370,4
0.046297,0.679006,0.962828,0.551439,1
0.007935,0.843776,0.602741,0.379589,1
0.828486,0.820704,0.295846,0.610096,2
0.662496,0.376965,0.547899,0.804407,2
0.089724,0.480819,0.831507,0.912168,0
0.658193,0.797357,0.724143,0.982788,2
0.374493,0.342479,0.571245,0.300790,4
0.922666,0.951201,0.706076,0.851253,2
0.892880,0.716819,0.757439,0.521622,2
0.801050,0.056887,0.076601,0.946013,2
0.180731,0.562578,0.814661,0.398480,1
0.528733,0.287149,0.681143,0.641285,4
0.384960,0.630604,0.916166,0.134312,1
0.329051,0.475845,0.506149,0.512558,0
0.173528,0.733360,0.175237,0.736839,0
0.135929,0.950194,0.183325,0.825007,0
0.270638,0.139531,0.461745,0.569323,0
0.941527,0.487655,0.118412,0.146489,3
0.617023,0.093509,0.843287,0.026460,4
0.768792,0.398175,0.245155,0.086184,3
0.154881,0.459853,0.651814,0.335063,1
0.269295,0.730949,0.404035,0.157537,1
0.238289,0.492996,0.174963,0.479904,0
0.945830,0.606616,0.346355,0.766808,2
0.668142,0.731620,0.972503,0.254433,1
0.999969,0.674337,0.363170,0.326090,2
0.352367,0.018189,0.817560,0.436628,4
0.804804,0.693625,0.539018,0.491958,2
0.591174,0.643666,0.263344,0.089785,3
0.002594,0.241585,0.630940,0.528306,0
0.987091,0.616749,0.834315,0.988189,2
0.227515,0.544816,0.572405,0.795038,0
0.980163,0.058687,0.842616,0.167943,4
0.453108,0.436506,0.602130,0.361003,4
0.008118,0.722648,0.829524,0.602924,1
0.965117,0.438429,0.018067,0.742576,2
0.291635,0.638264,0.631886,0.005219,1
0.958953,0.968017,0.556291,0.766717,2
0.244240,0.881222,0.073458,0.751244,0
0.762596,0.670278,0.394848,0.559343,2
0.507675,0.467727,0.281350,0.932279,0
0.684133,0.875027,0.782769,0.658681,2
0.611927,0.374096,0.627461,0.530412,4
0.484329,0.178716,0.293863,0.253334,3
0.260506,0.681265,0.294748,0.719291,0
0.474410,0.151616,0.705679,0.545824,4
0.240577,0.844264,0.468825,0.289743,1
0.238716,0.169744,0.503433,0.240669,4
0.958007,0.086856,0.154241,0.200873,3
0.982238,0.371929,0.008881,0.157811,3
0.597552,0.921049,0.615925,0.255501,1
0.503342,0.741905,0.134220,0.970794,2
0.908200,0.791436,0.445540,0.901181,2
0.791559,0.315165,0.761040,0.070009,4
0.613025,0.845027,0.253059,0.155797,3
0.249916,0.511277,0.744102,0.551195,1
0.444624,0.825556,0.982971,0.658650,1
0.543016,0.590594,0.540483,0.328440,1
0.805109,0.093142,0.855678,0.845820,4
0.069277,0.236549,0.463240,0.372692,0
0.051241,0.768792,0.934172,0.251289,1
0.058931,0.262581,0.560442,0.074862,4
0.404767,0.003784,0.315104,0.932615,0
0.296457,0.444075,0.119022,0.734275,0
0.487381,0.374462,0.945463,0.021577,4
0.468276,0.475570,0.793817,0.171758,4
0.480941,0.401502,0.063753,0.400220,3
0.135502,0.052644,0.361187,0.468123,0
0.912687,0.194678,0.266640,0.501389,2
0.331584,0.079073,0.098270,0.827265,0
0.065310,0.222236,0.200110,0.234626,3
0.784783,0.998749,0.786706,0.564592,1
0.012238,0.205481,0.876034,0.037019,4
0.766076,0.252724,0.341380,0.220222,3
0.277627,0.138279,0.613514,0.048830,4
0.561663,0.861324,0.064699,0.797327,2
0.121555,0.431654,0.605396,0.414350,0
0.570635,0.131138,0.525254,0.125248,4
0.450362,0.183233,0.109470,0.707724,0
0.027680,0.486984,0.061739,0.348033,3
0.351512,0.571825,0.265084,0.483596,3
0.350719,0.429090,0.911954,0.537584,4
0.254006,0.376995,0.534440,0.953093,0
0.113559,0.614948,0.966582,0.431806,1
0.713370,0.623493,0.769005,0.784417,2
0.643513,0.066408,0.148198,0.298196,3
0.821894,0.350841,0.900906,0.028748,4
0.244118,0.501877,0.415174,0.921812,0
0.243721,0.507920,0.259438,0.170995,3
0.042756,0.793023,0.390545,0.718772,0
0.875179,0.972381,0.512345,0.305521,1
0.463363,0.547136,0.615864,0.974456,2
0.129673,0.695242,0.232307,0.436995,0
0.323923,0.813898,0.430250,0.206671,1
0.848048,0.970458,0.088260,0.906095,2
0.559374,0.917631,0.474166,0.654286,2
0.833644,0.829402,0.662008,0.940428,2
0.569048,0.414106,0.818415,0.890042,2
0.012452,0.560381,0.889248,0.330088,1
0.189398,0.172796,0.717917,0.559160,4
0.218421,0.353191,0.126408,0.228767,3
0.291787,0.583789,0.990814,0.242561,1
0.603351,0.068667,0.841792,0.079165,4
0.004883,0.889767,0.022156,0.445112,0
0.672262,0.133213,0.932035,0.664083,4
0.562548,0.643147,0.393048,0.708823,2
0.943480,0.558275,0.663472,0.281899,4
0.776360,0.288095,0.134281,0.851344,2
0.233741,0.084902,0.238685,0.047700,3
0.133274,0.867519,0.605487,0.328959,1
0.568529,0.453383,0.987854,0.318796,4
0.518448,0.855068,0.998901,0.725242,1
0.716910,0.797540,0.184942,0.245552,3
0.562639,0.112247,0.468245,0.363872,4
0.352031,0.164525,0.489517,0.447310,4
0.615040,0.970428,0.882809,0.047426,1
0.836085,0.159185,0.012726,0.812983,2
0.340861,0.437819,0.206183,0.920194,0
0.630482,0.713645,0.009095,0.426923,3
0.944060,0.531571,0.500229,0.456771,2
0.331065,0.981811,0.192572,0.619709,0
0.014863,0.734733,0.553972,0.575182,0
0.328227,0.358898,0.678213,0.143956,4
0.002564,0.578417,0.137547,0.875271,0
0.092013,0.626087,0.548418,0.475021,0
0.313181,0.348613,0.881039,0.001831,4
0.082461,0.219855,0.044465,0.236793,3
0.031892,0.918516,0.778436,0.133122,1
0.284524,0.626667,0.382824,0.752586,0
0.271004,0.705191,0.316538,0.593921,0
0.368389,0.902371,0.196570,0.720725,0
0.142369,0.751946,0.228828,0.593860,0
0.474532,0.316904,0.601825,0.015503,4
0.355174,0.935179,0.874447,0.090793,1
0.623951,0.123630,0.889157,0.612964,4
0.438520,0.296426,0.241920,0.779046,0
0.753349,0.454054,0.839961,0.641469,2
0.589160,0.499435,0.578417,0.202582,4
0.375103,0.337168,0.667898,0.557726,4
0.144017,0.412183,0.643239,0.993530,0
0.862697,0.844172,0.585284,0.447432,2
0.678060,0.813898,0.586993,0.235115,1
0.360637,0.357830,0.994537,0.451155,4
0.726676,0.227058,0.455428,0.950346,2
0.319742,0.967132,0.304422,0.314951,1
0.133580,0.874569,0.318369,0.714896,0
0.657247,0.986785,0.371746,0.066317,3
0.023377,0.761498,0.023560,0.395734,3
0.541948,0.601672,0.567461,0.814966,2
0.399213,0.882504,0.575610,0.014130,1
0.804498,0.636525,0.468276,0.678365,2
0.365307,0.553484,0.139866,0.734184,0
0.972289,0.450331,0.172979,0.832850,2
0.974914,0.868892,0.671438,0.975829,2
0.929868,0.955962,0.243873,0.689200,2
0.702628,0.283547,0.168889,0.653340,2
0.203955,0.764519,0.273141,0.193487,3
0.542344,0.319926,0.553423,0.538499,4
0.873714,0.455123,0.074282,0.252846,3
0.729698,0.399884,0.172430,0.749016,2
0.105686,0.969359,0.498581,0.286203,1
0.089846,0.801965,0.928861,0.361553,1
0.314280,0.130619,0.876370,0.900204,0
0.010041,0.743248,0.034577,0.150304,3
0.946593,0.288919,0.083468,0.689779,2
0.037355,0.586413,0.389782,0.450026,0
0.892758,0.090213,0.232795,0.164098,3
0.101321,0.171850,0.586627,0.144475,4
0.521073,0.371075,0.990509,0.797388,4
0.361522,0.274667,0.538102,0.779626,0
0.338145,0.178106,0.517441,0.204413,4
0.680319,0.186651,0.732170,0.801996,4
0.273995,0.912534,0.035798,0.441694,3
0.720511,0.423383,0.110385,0.921812,2
0.592364,0.599719,0.020142,0.432905,3
0.667959,0.556139,0.572069,0.601489,2
0.425642,0.283700,0.014130,0.519883,3
0.579211,0.169073,0.103000,0.668722,3
0.935270,0.546831,0.071718,0.138279,3
0.354289,0.941282,0.529466,0.054842,1
0.096622,0.154027,0.823725,0.618488,4
0.334147,0.853572,0.897092,0.658193,1
0.109470,0.822657,0.169042,0.111209,3
0.523545,0.520737,0.474746,0.332163,3
0.432966,0.116672,0.591296,0.638539,4
0.438490,0.648549,0.383526,0.998810,0
0.445692,0.466567,0.099979,0.269387,3
0.579089,0.615680,0.850581,0.886746,2
0.731071,0.313578,0.797113,0.420545,4
0.527024,0.180883,0.087985,0.894772,0
0.987365,0.379406,0.068392,0.282327,3
0.668386,0.314920,0.796869,0.079989,4
0.562761,0.060610,0.399915,0.369427,4
0.541154,0.157567,0.295938,0.271096,3
0.615833,0.948302,0.819239,0.196631,1
0.808069,0.099765,0.275765,0.806665,2
0.900266,0.472427,0.962035,0.079592,4
0.854030,0.990600,0.177526,0.398389,3
0.175390,0.671621,0.763359,0.060732,1
0.008881,0.469222,0.196814,0.119572,3
0.241127,0.087466,0.774224,0.959899,0
0.395276,0.422040,0.912748,0.518082,4
0.598224,0.784204,0.102756,0.550127,3
0.400830,0.564714,0.541704,0.854885,0
0.733329,0.493118,0.980865,0.858577,2
0.776330,0.149083,0.816309,0.467177,4
0.029328,0.882168,0.955382,0.592181,1
0.357921,0.795404,0.489364,0.256813,1
0.300272,0.950468,0.704733,0.688437,1
0.415113,0.449019,0.462722,0.303476,3
0.951720,0.547838,0.480148,0.991272,2
0.623310,0.462874,0.541124,0.602924,2
0.765709,0.019440,0.172185,0.051637,3
0.661367,0.804163,0.811243,0.930448,2
0.311136,0.975097,0.002045,0.053652,3
0.434370,0.386456,0.645466,0.828913,0
0.978790,0.183905,0.838130,0.864925,2
0.921293,0.526872,0.330851,0.722251,2
0.641377,0.593921,0.137120,0.212622,3
0.647572,0.527909,0.323130,0.153630,3
0.939024,0.476485,0.510880,0.984313,2
0.782861,0.384655,0.125401,0.148747,3
0.189032,0.695791,0.917386,0.653432,1
0.863552,0.616688,0.792261,0.704215,2
0.921384,0.103549,0.477401,0.830378,2
0.140568,0.225105,0.058443,0.400616,3
0.038575,0.058412,0.915830,0.938169,0
0.552019,0.774743,0.093051,0.140965,3
0.601154,0.070498,0.628071,0.013153,4
0.320688,0.600879,0.878262,0.014039,1
0.237465,0.570910,0.371471,0.631001,0
0.176885,0.141575,0.213172,0.282418,3
0.179083,0.806360,0.581805,0.957152,0
0.206000,0.394635,0.342967,0.496048,0
0.920927,0.858608,0.314432,0.922971,2
0.321207,0.499435,0.212470,0.730308,0
0.506272,0.789087,0.811060,0.526231,1
0.361064,0.444197,0.345378,0.949339,0
0.437147,0.908292,0.690786,0.257088,1
0.812189,0.897946,0.348003,0.494461,2
0.209235,0.170415,0.766778,0.648793,4
0.156926,0.167455,0.038148,0.697287,0
0.472213,0.692953,0.487564,0.953398,2
0.846095,0.279427,0.199164,0.618091,2
0.814814,0.400983,0.003449,0.942656,2
0.896451,0.187384,0.958708,0.909024,2
0.175054,0.796991,0.857936,0.833766,1
0.113407,0.103763,0.792657,0.802454,0
0.875332,0.855190,0.304086,0.340098,3
0.938932,0.956999,0.154088,0.224281,3
0.282510,0.041139,0.245979,0.847102,0
0.923765,0.973388,0.727287,0.032105,1
0.093356,0.456282,0.805170,0.712882,0
0.825465,0.384350,0.306314,0.378643,3
0.244362,0.107425,0.511887,0.694205,0
0.330821,0.258309,0.299264,0.199805,3
0.447096,0.301340,0.121677,0.497177,3
0.403699,0.457747,0.856990,0.828272,0
0.348247,0.164220,0.056734,0.452925,3
0.257546,0.721183,0.627064,0.731468,0
0.314890,0.286264,0.472243,0.318583,4
0.953063,0.870357,0.132603,0.375072,3
0.844630,0.491226,0.947783,0.202948,4
0.620899,0.142125,0.776360,0.211188,4
0.600604,0.730827,0.803827,0.617298,1
0.309397,0.645558,0.469375,0.791711,0
0.071902,0.104404,0.043123,0.651051,0
0.457106,0.943937,0.885128,0.006378,1
0.858486,0.003510,0.917051,0.272744,4
0.990417,0.761803,0.338237,0.446425,2
0.581439,0.381207,0.117008,0.755791,2
0.046388,0.816950,0.288583,0.892544,0
0.418134,0.146764,0.590960,0.229011,4
0.320292,0.777551,0.469985,0.928312,0
0.262398,0.685232,0.984680,0.352794,1
0.038270,0.344066,0.644276,0.678426,0
0.509598,0.501785,0.708182,0.119541,4
0.554979,0.456404,0.980102,0.672018,4
0.466842,0.991485,0.627308,0.779656,1
0.576312,0.625813,0.056887,0.830988,2
0.388195,0.333628,0.379833,0.892239,0
0.006958,0.392010,0.493851,0.583056,0
0.134770,0.511338,0.317148,0.500839,0
0.423200,0.905240,0.203558,0.100345,3
0.459822,0.456130,0.070498,0.434400,3
0.170446,0.633137,0.271279,0.662496,0
0.919034,0.317423,0.742515,0.732841,2
0.085849,0.192938,0.458541,0.144902,4
0.405591,0.857082,0.723411,0.197913,1
0.846217,0.308542,0.332194,0.632160,2
0.310373,0.968810,0.132633,0.069033,3
0.940275,0.892270,0.018372,0.156194,3
0.307108,0.322886,0.885159,0.824030,0
0.266701,0.252174,0.581195,0.559618,0
0.762474,0.135655,0.382855,0.104801,4
0.356578,0.423933,0.026887,0.483993,3
0.771325,0.063997,0.830958,0.768426,4
0.221046,0.627979,0.932615,0.483108,1
0.816828,0.224769,0.179418,0.062502,3
0.824091,0.851375,0.700247,0.261269,1
0.055574,0.339579,0.689444,0.926328,0
0.179968,0.555010,0.435499,0.036531,3
0.227851,0.004059,0.124699,0.416364,3
0.076174,0.505509,0.451704,0.029145,3
0.192633,0.082614,0.567888,0.257302,4
0.420850,0.732383,0.398755,0.074618,3
0.087893,0.227821,0.862026,0.517624,4
0.215461,0.609912,0.016968,0.362072,3
0.115635,0.524979,0.676992,0.410504,1
0.152654,0.064302,0.516037,0.297617,4
0.952178,0.261696,0.200751,0.219489,3
0.838679,0.905698,0.578906,0.492569,2
0.783105,0.822352,0.455977,0.349406,2
0.641102,0.285073,0.990722,0.876675,4
0.963744,0.707633,0.241249,0.502060,2
0.161596,0.276528,0.892697,0.936430,0
0.303934,0.679189,0.697623,0.977020,0
0.333445,0.584063,0.660970,0.078433,1
0.978607,0.028932,0.499924,0.097415,4
0.144292,0.373730,0.410688,0.117588,3
0.062471,0.973846,0.673208,0.760765,1
0.983673,0.230659,0.124699,0.890439,2
0.690634,0.175207,0.034120,0.114597,3
0.615833,0.241127,0.407636,0.993347,2
0.843410,0.383465,0.257454,0.357524,3
0.777306,0.199438,0.864681,0.645833,4
0.756645,0.207404,0.567339,0.664663,2
0.399518,0.940184,0.105502,0.678945,0
0.956816,0.009003,0.053743,0.238685,3
0.456587,0.794977,0.373272,0.648427,2
0.921232,0.922819,0.613971,0.485488,2
0.437788,0.174841,0.798486,0.073061,4
0.363170,0.000366,0.518876,0.314982,4
0.445357,0.276925,0.277779,0.797876,0
0.141972,0.479995,0.604480,0.566973,0
0.917173,0.916776,0.978057,0.482467,1
0.798364,0.181097,0.088168,0.561754,3
0.974181,0.485092,0.465163,0.214362,3
0.714347,0.023865,0.010285,0.776025,2
0.393323,0.030061,0.457961,0.247169,4
0.898618,0.673696,0.300455,0.643635,2
0.205084,0.464248,0.207160,0.863948,0
0.396588,0.310739,0.468947,0.481368,4
0.916135,0.896542,0.499252,0.365368,2
0.325602,0.524461,0.923154,0.539781,1
0.356945,0.089297,0.285348,0.183233,3
0.535020,0.333171,0.908933,0.178808,4
0.154546,0.040437,0.935209,0.118442,4
0.891415,0.328501,0.077059,0.168798,3
0.830134,0.690298,0.115970,0.704642,2
0.188696,0.945067,0.674703,0.116062,1
0.521714,0.753746,0.296335,0.696066,2
0.683401,0.854823,0.361644,0.013794,3
0.331736,0.677267,0.875149,0.681204,1
0.254646,0.486679,0.651845,0.917814,0
0.299844,0.720878,0.935514,0.820948,1
0.189428,0.671102,0.979797,0.747276,1
0.000427,0.165319,0.623646,0.711783,0
0.592761,0.409558,0.391888,0.210608,3
0.765404,0.643910,0.152745,0.374157,3
0.422742,0.769036,0.862941,0.856197,1
0.531632,0.599719,0.432020,0.365795,3
0.150792,0.901639,0.237403,0.248085,3
0.313852,0.867489,0.320444,0.019898,3
0.046876,0.189001,0.796014,0.266945,4
0.302225,0.380749,0.505692,0.808496,0
0.089450,0.512101,0.446944,0.535722,0
0.584918,0.003815,0.008179,0.830592,0
0.500870,0.645344,0.542436,0.970458,2
0.495895,0.488815,0.309763,0.425703,3
0.907315,0.776513,0.320109,0.456038,2
0.587420,0.557695,0.107822,0.911893,2
0.124088,0.151067,0.969298,0.647023,4
0.227851,0.109317,0.694113,0.449080,4
0.565813,0.841762,0.322489,0.893429,2
0.824305,0.551469,0.958586,0.027528,4
0.281350,0.643147,0.171941,0.291452,3
0.670095,0.257820,0.018372,0.580920,3
0.614277,0.091037,0.210761,0.859310,0
0.417646,0.150090,0.471786,0.224616,4
0.487777,0.607288,0.599475,0.837947,2
0.176061,0.404950,0.276986,0.619190,0
0.314982,0.768944,0.157506,0.116947,3
0.233741,0.286111,0.256111,0.458357,0
0.533952,0.703085,0.179388,0.785211,2
0.406049,0.101382,0.224097,0.082614,3
0.768029,0.606250,0.876400,0.806726,2
0.007935,0.284646,0.742576,0.217200,4
0.610828,0.388958,0.442732,0.821406,2
0.451796,0.602893,0.498703,0.835627,0
0.036439,0.445235,0.747124,0.070803,1
0.469771,0.488327,0.309275,0.147771,3
0.434706,0.547136,0.649037,0.449049,1
0.961791,0.495315,0.749474,0.713309,2
0.271157,0.864376,0.940336,0.678457,1
0.467910,0.882443,0.406781,0.679922,2
0.372356,0.108646,0.911405,0.610309,4
0.266152,0.319559,0.759911,0.146489,4
0.835963,0.803522,0.542741,0.650746,2
0.095126,0.719810,0.682760,0.651662,1
0.565874,0.678457,0.321329,0.311563,3
0.501663,0.196631,0.573260,0.786737,0
0.432478,0.188818,0.682058,0.885861,0
0.813410,0.145878,0.107242,0.934263,2
0.057772,0.160192,0.074007,0.248848,3
0.736656,0.452681,0.617481,0.131169,4
0.225379,0.557878,0.652058,0.783807,0
0.578814,0.823634,0.097476,0.057131,3
0.915983,0.381451,0.593036,0.432539,4
0.096164,0.243751,0.830409,0.147771,4
0.967132,0.684439,0.037385,0.871578,2
0.966582,0.558611,0.643025,0.833003,2
0.358745,0.718589,0.655507,0.812525,0
0.886929,0.181188,0.784570,0.900235,2
0.123051,0.203650,0.838954,0.428144,4
0.296030,0.924039,0.430647,0.982696,0
0.879788,0.721824,0.517075,0.903073,2
0.722190,0.956236,0.812250,0.172765,1
0.996429,0.237098,0.598407,0.109470,4
0.755760,0.885556,0.969481,0.760247,2
0.373180,0.740165,0.036927,0.407971,3
0.646931,0.965331,0.130528,0.095462,3
0.853359,0.017548,0.523606,0.573382,4
0.528336,0.426496,0.715751,0.577929,4
0.258339,0.546464,0.802759,0.845454,0
0.262703,0.934874,0.966277,0.769127,1
0.047884,0.514145,0.613361,0.104678,1
0.915586,0.172796,0.198096,0.631214,2
0.605213,0.962432,0.255684,0.173132,3
0.852840,0.546495,0.681021,0.890103,2
0.147008,0.057344,0.782495,0.240181,4
0.463424,0.017853,0.142399,0.523759,3
0.258919,0.483566,0.815485,0.413221,1
0.507096,0.061739,0.896207,0.375530,4
0.055452,0.963988,0.986816,0.393567,1
0.086917,0.747795,0.596789,0.892453,0
0.965239,0.904233,0.005310,0.277230,3
0.247047,0.947447,0.617908,0.988372,0
0.140996,0.162175,0.348186,0.480575,0
0.195288,0.666128,0.056612,0.032319,3
0.495071,0.942564,0.577013,0.791223,2
0.150822,0.500229,0.362072,0.962035,0
0.359203,0.816401,0.279489,0.543809,0
0.816919,0.219092,0.589587,0.521744,4
0.769890,0.865596,0.635762,0.920682,2
0.478286,0.472091,0.279336,0.625874,0
0.378521,0.952422,0.609668,0.377819,1
0.724204,0.620533,0.960601,0.847133,2
0.986541,0.114078,0.765343,0.195502,4
0.795831,0.694906,0.280160,0.029786,3
0.705405,0.082339,0.708548,0.154180,4
0.558885,0.476699,0.756798,0.028138,4
0.742119,0.927793,0.153020,0.335154,3
0.101474,0.705679,0.159703,0.569506,0
0.809076,0.829646,0.612049,0.046419,1
0.956664,0.411603,0.512711,0.242683,4
0.159307,0.970153,0.714652,0.873440,1
0.950041,0.371532,0.722983,0.611316,2
0.246681,0.554094,0.147160,0.854946,0
0.672475,0.691702,0.835047,0.451918,1
0.011048,0.953429,0.219520,0.783654,0
0.577807,0.514634,0.909665,0.117313,4
0.788324,0.976775,0.056795,0.632130,2
0.705374,0.851131,0.527726,0.025025,1
0.845729,0.263802,0.415479,0.103488,3
0.027802,0.537248,0.919248,0.270302,1
0.541887,0.805078,0.124912,0.307352,3
0.423566,0.316507,0.717093,0.364574,4
0.112064,0.586261,0.153844,0.560289,0
0.274667,0.046693,0.336009,0.098697,3
0.078249,0.357830,0.301553,0.311899,0
0.689383,0.032075,0.976623,0.531266,4
0.284280,0.529588,0.514512,0.195563,1
0.349712,0.480392,0.254006,0.101718,3
0.556108,0.190069,0.827662,0.204077,4
0.984283,0.084719,0.452040,0.868954,2
0.986877,0.251350,0.930845,0.990539,2
0.465804,0.730796,0.401990,0.874264,2
0.847072,0.718284,0.360240,0.294076,3
0.533891,0.328776,0.986511,0.629780,4
0.119755,0.083071,0.314737,0.490707,0
0.142521,0.770501,0.268502,0.731834,0
0.660665,0.845088,0.097354,0.269021,3
0.432966,0.011261,0.245216,0.599048,0
0.983306,0.155004,0.181616,0.431074,3
0.331095,0.277108,0.226905,0.335765,3
0.669240,0.584643,0.903043,0.818079,2
0.770409,0.396710,0.840846,0.720267,2
0.403180,0.021271,0.775414,0.361187,4
0.539354,0.258400,0.660268,0.318064,4
0.633137,0.687307,0.432325,0.257302,3
0.754234,0.392285,0.458205,0.720176,2
0.855556,0.284768,0.193518,0.269875,3
0.956755,0.677175,0.086428,0.906400,2
0.525498,0.264840,0.256325,0.154698,3
0.836665,0.172674,0.979400,0.733634,4
0.591845,0.222297,0.511979,0.210578,4
0.579455,0.076235,0.283029,0.549150,4
0.657369,0.415265,0.987121,0.955290,2
0.838984,0.805170,0.608783,0.928800,2
0.763970,0.409436,0.910184,0.926115,2
0.335185,0.203619,0.412427,0.540422,0
0.802759,0.847957,0.402783,0.605945,2
0.076662,0.874660,0.998077,0.131993,1
0.549242,0.345622,0.796167,0.473739,4
0.208380,0.637318,0.146825,0.645039,0
0.323466,0.508652,0.572497,0.180548,1
0.484329,0.108554,0.371075,0.452773,4
0.275277,0.079073,0.931425,0.850215,4
0.365093,0.410413,0.793085,0.723502,0
0.294259,0.204352,0.981384,0.505020,4
0.740684,0.001923,0.649037,0.908841,2
0.545152,0.831904,0.555956,0.616718,2
0.277993,0.636158,0.417890,0.356975,1
0.627766,0.228462,0.655538,0.782098,2
0.393597,0.442335,0.575365,0.051088,4
0.362316,0.624958,0.513352,0.523881,0
0.851405,0.132786,0.972716,0.472427,4
0.199469,0.985687,0.287179,0.216468,1
0.985168,0.335002,0.840785,0.588733,4
0.255593,0.903012,0.375591,0.136784,1
0.546312,0.048647,0.418744,0.967467,0
0.972869,0.616962,0.359478,0.639943,2
0.176458,0.227668,0.208228,0.014069,3
0.404279,0.159612,0.568316,0.460036,4
0.505295,0.487197,0.852016,0.335337,4
0.124119,0.624744,0.271676,0.136052,3
0.872890,0.935697,0.637989,0.227638,1
0.762902,0.562181,0.495560,0.562578,2
0.677633,0.131870,0.628163,0.290139,4
0.167516,0.497635,0.463942,0.665487,0
0.348796,0.166906,0.412519,0.163213,4
0.186529,0.576922,0.664968,0.202857,1
0.944212,0.871334,0.487808,0.391583,2
0.080142,0.335673,0.542497,0.690756,0
0.372814,0.146916,0.261574,0.412732,3
0.555559,0.593829,0.812586,0.453841,1
0.242500,0.424146,0.681143,0.670064,0
0.426923,0.475173,0.404645,0.801386,0
0.332652,0.243751,0.487259,0.851314,0
0.900754,0.551836,0.028077,0.327830,3
0.691794,0.964110,0.093234,0.251717,3
0.485763,0.113834,0.363598,0.338816,4
0.360210,0.593066,0.088809,0.262368,3
0.528306,0.563616,0.879635,0.401685,1
0.717795,0.745048,0.368938,0.983428,2
0.372387,0.935636,0.273659,0.021455,3
0.456465,0.723075,0.887845,0.962432,2
0.144810,0.540727,0.538835,0.441633,0
0.177984,0.725791,0.037751,0.057619,3
0.165410,0.735862,0.655110,0.569750,1
0.616596,0.179571,0.653096,0.426221,4
0.982238,0.818476,0.905911,0.028382,1
0.486496,0.195379,0.639058,0.637654,4
0.031434,0.046144,0.819300,0.330943,4
0.954863,0.150945,0.225745,0.911802,2
0.922910,0.781091,0.734519,0.182165,1
0.739036,0.397809,0.846950,0.482376,4
0.349864,0.759575,0.993500,0.904324,1
0.829676,0.093204,0.644124,0.085208,4
0.624561,0.486557,0.756920,0.987579,2
0.837977,0.157262,0.595294,0.571490,4
0.838008,0.755333,0.446028,0.766106,2
0.968627,0.354869,0.268868,0.645955,2
0.645375,0.291757,0.808802,0.218665,4
0.617298,0.502914,0.202704,0.730338,2
0.676046,0.524094,0.611347,0.894498,2
0.593432,0.802057,0.907865,0.951537,2
0.568834,0.477340,0.954405,0.964019,2
0.967742,0.294015,0.497604,0.254921,4
0.632099,0.792840,0.214728,0.394604,3
0.544939,0.443434,0.941282,0.642720,4
0.128910,0.872799,0.611469,0.251534,1
0.961516,0.844997,0.943175,0.537065,2
0.187170,0.149785,0.397595,0.123539,3
0.408124,0.055300,0.446486,0.268502,4
0.334849,0.481429,0.676321,0.673757,0
0.977599,0.550218,0.762291,0.689200,2
0.660115,0.669637,0.842402,0.315348,1
0.637165,0.806543,0.323222,0.911100,2
0.596393,0.105411,0.648701,0.012482,4
0.826563,0.509262,0.062685,0.169439,3
0.332682,0.538285,0.897488,0.206000,1
0.680288,0.883541,0.418470,0.810877,2
0.848628,0.970794,0.756920,0.864162,2
0.875607,0.151677,0.961852,0.406720,4
0.574602,0.678030,0.702322,0.658437,2
0.104923,0.115299,0.651387,0.991424,0
0.677023,0.352275,0.082766,0.264473,3
0.173620,0.862209,0.711936,0.425550,1
0.968383,0.372448,0.312357,0.787591,2
0.722617,0.598468,0.138462,0.884487,2
0.442427,0.198553,0.686636,0.313730,4
0.576098,0.605548,0.825007,0.471267,1
0.434400,0.891476,0.824061,0.585253,1
0.714072,0.322153,0.318491,0.955138,2
0.406110,0.757134,0.732322,0.801660,1
0.870174,0.551530,0.197790,0.634785,2
0.356090,0.116337,0.499893,0.545305,4
0.754143,0.793146,0.077456,0.326518,3
0.854762,0.199225,0.612232,0.832362,2
0.899625,0.700064,0.236824,0.477767,2
0.704642,0.164678,0.893399,0.288430,4
0.136753,0.660726,0.873684,0.405072,1
0.225379,0.245003,0.072207,0.449446,3
0.689871,0.506149,0.983398,0.657643,4
0.164129,0.015381,0.974029,0.187384,4
0.900082,0.341807,0.862667,0.505417,4
0.230415,0.788415,0.336680,0.261025,3
0.572954,0.504837,0.238533,0.552477,3
0.256600,0.133671,0.252327,0.991852,0
0.951323,0.645924,0.022217,0.475295,3
0.982727,0.522233,0.233558,0.064577,3
0.312632,0.936308,0.688101,0.886044,1
0.466933,0.096133,0.904904,0.453383,4
0.191900,0.400037,0.277474,0.320780,3
0.120457,0.563066,0.319224,0.472121,0
0.229194,0.370739,0.027650,0.352824,3
0.367901,0.215674,0.899228,0.950591,0
0.642384,0.073824,0.625751,0.831080,4
0.932279,0.076327,0.003662,0.535020,3
0.324656,0.333445,0.087558,0.243049,3
0.745201,0.166509,0.118931,0.113987,3
0.567400,0.404523,0.261635,0.203528,3
0.482101,0.901334,0.675344,0.369182,1
0.407636,0.929807,0.957976,0.067568,1
0.722373,0.609180,0.488571,0.451094,2
0.600818,0.021882,0.702017,0.668874,4
0.734397,0.176122,0.826197,0.779900,4
0.218390,0.470260,0.113681,0.183020,3
0.885891,0.815577,0.098788,0.971282,2
0.870571,0.073305,0.911069,0.115879,4
0.678915,0.962676,0.176702,0.887020,2
0.553819,0.095370,0.539415,0.416700,4
0.410108,0.293893,0.331187,0.810938,0
0.123722,0.848750,0.425153,0.716575,0
0.455824,0.871670,0.800958,0.749687,1
0.392499,0.400739,0.854579,0.691580,4
0.182226,0.413709,0.983428,0.858425,0
0.851619,0.405713,0.477950,0.551164,2
0.480636,0.687735,0.251350,0.991668,2
0.019562,0.062044,0.438337,0.651387,0
0.927458,0.030854,0.394116,0.379040,4
0.414533,0.194281,0.125431,0.233131,3
0.569384,0.994263,0.684042,0.426069,1
0.151891,0.460067,0.554643,0.285531,1
0.333720,0.112522,0.567980,0.640004,4
0.167028,0.682180,0.370769,0.534104,0
0.063326,0.798456,0.983551,0.680502,1
0.062929,0.305612,0.477187,0.554125,0
0.176946,0.362255,0.300638,0.535478,0
0.582812,0.979644,0.289468,0.008881,3
0.954283,0.156377,0.887875,0.821986,2
0.707816,0.264687,0.614490,0.012970,4
0.445998,0.844905,0.303812,0.211676,3
0.379620,0.464522,0.154210,0.620563,0
0.009247,0.797998,0.113620,0.982025,0
0.848231,0.583209,0.634754,0.438612,2
0.467513,0.611591,0.330271,0.691702,0
0.644429,0.407208,0.560076,0.365337,4
0.895871,0.751915,0.480972,0.981597,2
0.177587,0.712302,0.591021,0.453261,1
0.031068,0.324900,0.298685,0.500534,0
0.958342,0.595721,0.549242,0.897702,2
0.306925,0.970763,0.038453,0.956114,0
0.445998,0.933134,0.046022,0.149846,3
0.514176,0.883633,0.418836,0.290262,1
0.521531,0.960662,0.736290,0.155248,1
0.085788,0.955901,0.188238,0.980377,0
0.585040,0.981903,0.197363,0.717002,2
0.007141,0.047914,0.316477,0.464797,0
0.278390,0.200079,0.432997,0.983947,0
0.351146,0.382458,0.810999,0.693777,0
0.833033,0.674947,0.002289,0.064028,3
0.438276,0.064272,0.158361,0.805078,0
0.042451,0.404798,0.773492,0.762749,0
0.622028,0.724570,0.390790,0.925016,2
0.859981,0.533647,0.302896,0.446028,2
0.698721,0.290567,0.777337,0.093936,4
0.621357,0.683126,0.839015,0.028932,1
0.942900,0.880062,0.140385,0.317331,3
0.892453,0.409497,0.951048,0.088656,4
0.767449,0.820887,0.797174,0.741264,2
0.941862,0.785882,0.783197,0.103000,1
0.008637,0.795556,0.125950,0.953429,0
0.838649,0.109012,0.933317,0.813440,4
0.836451,0.110691,0.757683,0.408765,4
0.174902,0.731590,0.956908,0.713614,1
0.289499,0.091617,0.392193,0.980407,0
0.413465,0.018860,0.496048,0.662465,4
0.435469,0.601825,0.239753,0.635212,0
0.860591,0.431227,0.033235,0.622608,2
0.156072,0.687613,0.087344,0.234809,3
0.263436,0.730735,0.270394,0.523576,0
0.557298,0.347423,0.990204,0.461257,4
0.033052,0.313456,0.132633,0.250069,3
0.004425,0.426649,0.588122,0.867763,0
0.091708,0.666402,0.397290,0.755364,0
0.782464,0.636921,0.046907,0.054506,3
0.345714,0.949522,0.947752,0.299326,1
0.380993,0.700766,0.624805,0.969634,0
0.783105,0.702750,0.652364,0.812037,2
0.404492,0.621113,0.863796,0.334635,1
0.196051,0.678091,0.868465,0.381817,1
0.107517,0.075777,0.406140,0.195441,4
0.528977,0.796655,0.571062,0.868587,2
0.554765,0.937132,0.435713,0.598102,2
0.850734,0.230598,0.106937,0.642201,2
0.406262,0.916379,0.744438,0.389538,1
0.952483,0.610218,0.573565,0.445662,2
0.327525,0.333354,0.423627,0.143406,3
0.570421,0.355937,0.822748,0.383404,4
0.024751,0.010956,0.180486,0.210791,3
0.233283,0.135472,0.089816,0.034639,3
0.904965,0.294656,0.279427,0.896054,2
0.735130,0.445662,0.247505,0.691549,2
0.361034,0.196936,0.108585,0.757530,0
0.232795,0.319620,0.684622,0.722587,0
0.682089,0.667074,0.371105,0.033357,3
0.968871,0.158788,0.810236,0.060823,4
0.588427,0.985412,0.901639,0.192419,1
0.619007,0.689932,0.182409,0.817225,2
0.391858,0.283029,0.107608,0.609760,0
0.264840,0.047060,0.262185,0.018799,3
0.780725,0.186285,0.035890,0.367718,3
0.991546,0.978698,0.792474,0.472091,2
0.230110,0.586291,0.063936,0.181494,3
0.110385,0.179662,0.801904,0.751213,0
0.037049,0.533433,0.216285,0.450056,0
0.006623,0.748344,0.233772,0.311319,3
0.980621,0.256935,0.106052,0.431867,3
0.611988,0.768487,0.200079,0.726859,2
0.606983,0.309458,0.501206,0.545579,4
0.502274,0.016358,0.860195,0.054781,4
0.139866,0.836451,0.516007,0.796045,0
0.620258,0.792871,0.924894,0.322916,1
0.015412,0.970824,0.427473,0.324839,1
0.623035,0.880337,0.785241,0.143132,1
0.042451,0.352428,0.116764,0.086215,3
0.854915,0.624775,0.266518,0.449690,2
0.187689,0.772759,0.135563,0.647847,0
0.945036,0.142827,0.007172,0.362590,3
0.985809,0.944090,0.397473,0.116489,3
0.029908,0.653829,0.462630,0.175665,1
0.574541,0.394391,0.494400,0.189032,3
0.601184,0.936674,0.534227,0.470138,1
0.355083,0.486740,0.638112,0.327952,1
0.978271,0.912107,0.823084,0.352611,1
0.277047,0.563707,0.226386,0.062349,3
0.405957,0.349590,0.509110,0.818506,0
0.748589,0.217109,0.034730,0.413617,3
0.777154,0.699362,0.854915,0.240364,1
0.171697,0.682424,0.032533,0.446211,3
0.980468,0.049471,0.334513,0.981079,2
0.102298,0.358287,0.824549,0.943480,0
0.872890,0.207862,0.387524,0.132084,3
0.035401,0.451125,0.717277,0.208411,1
0.877468,0.909299,0.797845,0.376934,1
0.815241,0.744621,0.410535,0.989441,2
0.205939,0.147465,0.697623,0.979156,0
0.670431,0.494247,0.313608,0.531205,2
0.706381,0.632069,0.196173,0.895901,2
0.874203,0.446852,0.486892,0.750389,2
0.335917,0.370678,0.634022,0.015992,4
0.029420,0.985076,0.208045,0.536363,0
0.258248,0.375927,0.461501,0.523423,0
0.978942,0.396985,0.163701,0.177160,3
0.566546,0.497482,0.742943,0.385418,4
0.340465,0.270608,0.265633,0.910092,0
0.630787,0.379040,0.285440,0.965819,2
0.667074,0.013398,0.092166,0.597552,3
0.070681,0.540483,0.392804,0.763329,0
0.232002,0.496811,0.954863,0.527970,1
0.353282,0.584704,0.244453,0.274880,3
0.439131,0.825831,0.589465,0.341319,1
0.015412,0.529832,0.899350,0.983856,0
0.857906,0.233406,0.472793,0.080111,4
0.511704,0.266213,0.924802,0.473312,4
0.883541,0.100192,0.763756,0.365123,4
0.686880,0.138340,0.650502,0.664357,4
0.022309,0.098941,0.870022,0.696127,0
0.873684,0.652058,0.047365,0.179357,3
0.801599,0.463973,0.639210,0.877682,2
0.615375,0.306345,0.231513,0.830348,2
0.304941,0.385815,0.175573,0.569933,0
0.013428,0.550676,0.593005,0.232093,1
0.332438,0.530747,0.281075,0.964507,0
0.700339,0.866756,0.549913,0.540605,2
0.185736,0.685232,0.522111,0.585009,0
0.436903,0.975677,0.927152,0.316202,1
0.078188,0.525559,0.920621,0.213172,1
0.335337,0.169988,0.960418,0.512040,4
0.170141,0.512253,0.270699,0.939299,0
0.706595,0.770745,0.925108,0.587176,1
0.228858,0.909726,0.080020,0.338237,3
0.533128,0.709250,0.390088,0.744865,2
0.913938,0.930754,0.136021,0.770104,2
0.566637,0.234535,0.096866,0.296030,3
0.687277,0.005921,0.697592,0.806116,4
0.050569,0.745109,0.463240,0.147374,1
0.348277,0.178381,0.311197,0.779290,0
0.067904,0.745994,0.712302,0.414716,1
0.194128,0.623157,0.252571,0.460250,0
0.513688,0.930815,0.626423,0.161199,1
0.804804,0.291726,0.592883,0.858089,2
0.692831,0.388867,0.925962,0.260689,4
0.453169,0.681722,0.890286,0.146001,1
0.542619,0.937162,0.273415,0.386029,3
0.140385,0.731162,0.506241,0.712241,0
0.480483,0.577258,0.902188,0.122227,1
0.255867,0.838252,0.547014,0.335673,1
0.876614,0.077517,0.870418,0.204871,4
0.862484,0.005799,0.430006,0.486862,4
0.151616,0.680105,0.940062,0.883267,0
0.606677,0.110752,0.075106,0.753594,0
0.499161,0.932920,0.080660,0.408856,3
0.253731,0.298715,0.721335,0.391675,4
0.233589,0.646626,0.598437,0.648427,0
0.847896,0.503525,0.367931,0.000885,3
0.762780,0.976836,0.889920,0.822413,2
0.497360,0.091708,0.840999,0.325663,4
0.185461,0.630940,0.821009,0.368084,1
0.784722,0.632191,0.484787,0.180822,3
0.514206,0.200385,0.730949,0.928068,0
0.801874,0.790521,0.478195,0.502426,2
0.522843,0.617420,0.061098,0.463301,3
0.810266,0.348704,0.776086,0.523515,4
0.219275,0.737297,0.608997,0.491592,1
0.526139,0.349559,0.675741,0.074892,4
0.943052,0.045351,0.406964,0.450789,4
0.030488,0.366344,0.008179,0.011017,3
0.087985,0.488845,0.226417,0.186987,3
0.304483,0.897214,0.954833,0.760582,1
0.449995,0.434217,0.706473,0.568011,4
0.389355,0.884762,0.488540,0.002411,1
0.199500,0.748894,0.107944,0.221442,3
0.171667,0.360607,0.440291,0.466292,0
0.479293,0.008515,0.692343,0.398144,4
0.793542,0.214850,0.190497,0.858699,2
0.627064,0.828852,0.725578,0.960387,2
0.687704,0.090732,0.985443,0.913450,4
0.023133,0.322855,0.106998,0.495071,0
0.237739,0.403943,0.878567,0.567736,4
0.563097,0.682730,0.623432,0.552324,1
0.063112,0.487411,0.297037,0.262764,3
0.755394,0.886929,0.827754,0.008332,1
0.929502,0.860622,0.233100,0.369518,3
0.444105,0.532121,0.543046,0.554064,0
0.283761,0.624256,0.060457,0.739555,0
0.156529,0.790429,0.991516,0.308206,1
0.414258,0.979766,0.975707,0.380840,1
0.075838,0.491226,0.548173,0.555650,0
0.235878,0.873775,0.064577,0.258492,3
0.638752,0.328227,0.120029,0.610675,3
0.700369,0.767663,0.993744,0.220527,1
0.758171,0.191717,0.149815,0.805261,2
0.831172,0.532182,0.326701,0.048738,3
0.670797,0.625263,0.244911,0.602374,2
0.383984,0.466903,0.465712,0.634388,0
0.409955,0.407971,0.431288,0.834284,0
0.131626,0.444716,0.217750,0.278939,3
0.903104,0.261452,0.032380,0.065737,3
0.774316,0.181402,0.986236,0.120029,4
0.694449,0.681875,0.173101,0.082339,3
0.474715,0.630238,0.587115,0.682089,2
0.292703,0.896908,0.908567,0.503800,1
0.018281,0.501389,0.690725,0.552202,0
0.143773,0.947905,0.978118,0.522233,1
0.598254,0.906583,0.887722,0.180761,1
0.228309,0.896756,0.184210,0.765404,0
0.225837,0.128422,0.380779,0.807459,0
0.284433,0.158086,0.396344,0.284982,4
0.765465,0.515275,0.300912,0.511887,2
0.655293,0.956236,0.179907,0.669973,2
0.594745,0.500443,0.648946,0.389416,4
0.761925,0.907132,0.050172,0.284799,3
0.889920,0.746879,0.861751,0.851924,2
0.200598,0.725608,0.351085,0.632740,0
0.535661,0.416639,0.003784,0.053591,3
0.465896,0.057161,0.759239,0.844081,4
0.660604,0.565539,0.583605,0.441725,2
0.297891,0.435255,0.412763,0.289560,3
0.797204,0.662557,0.994964,0.432447,1
0.655232,0.363048,0.665334,0.318461,4
0.666982,0.234413,0.583483,0.211615,4
0.312418,0.520676,0.464888,0.122074,3
0.590747,0.635090,0.337992,0.660451,2
0.082827,0.097140,0.357677,0.721824,0
0.523728,0.940428,0.206854,0.406384,3
0.666097,0.247383,0.117100,0.082553,3
0.715720,0.967467,0.039521,0.998932,2
0.120823,0.674367,0.997681,0.351085,1
0.996124,0.419263,0.152776,0.210273,3
0.962432,0.335978,0.613819,0.219062,4
0.684286,0.154180,0.522233,0.461226,4
0.885495,0.277230,0.443922,0.411542,4
0.124607,0.580554,0.598743,0.371960,1
0.111606,0.587176,0.959197,0.300241,1
0.846644,0.176153,0.749748,0.437666,4
0.362133,0.480880,0.377453,0.641652,0
0.350200,0.132694,0.325755,0.829585,0
0.455519,0.506699,0.042177,0.440504,3
0.515732,0.125523,0.351695,0.320475,4
0.530320,0.877987,0.426405,0.938017,2
0.639241,0.207923,0.843410,0.335734,4
0.892605,0.930418,0.761559,0.724998,2
0.092532,0.830866,0.748833,0.128849,1
0.488723,0.703818,0.291299,0.980468,2
0.608448,0.987335,0.514725,0.082461,1
0.002930,0.649251,0.150670,0.834529,0
0.190832,0.481979,0.277810,0.133946,3
0.580126,0.461165,0.869839,0.857051,2
0.649922,0.325694,0.681356,0.326304,4
0.173284,0.034211,0.502914,0.670614,0
0.762322,0.255043,0.316385,0.483840,3
0.516465,0.545488,0.382031,0.689016,2
0.056185,0.376843,0.788354,0.013123,1
0.722098,0.661397,0.496170,0.980468,2
0.221534,0.937651,0.408246,0.828639,0
0.503861,0.869808,0.495132,0.255806,1
0.145146,0.218268,0.509293,0.403455,0
0.024293,0.936949,0.318278,0.981994,0
0.571001,0.553514,0.388165,0.945280,2
0.367504,0.489608,0.448683,0.620106,0
0.385113,0.476363,0.871426,0.697073,1
0.636647,0.722068,0.791803,0.988891,2
0.526048,0.987884,0.506912,0.362774,1
0.676778,0.228095,0.179479,0.752770,2
0.519761,0.951353,0.380261,0.658284,2
0.422407,0.958129,0.498978,0.035401,1
0.639943,0.612171,0.556230,0.987030,2
0.870205,0.301035,0.446638,0.157811,4
0.693136,0.242195,0.145054,0.240852,3
0.676565,0.291452,0.906949,0.501633,4
0.428816,0.909299,0.993957,0.725883,1
0.380383,0.941679,0.956420,0.497543,1
0.574725,0.371807,0.003418,0.213050,3
0.250649,0.698599,0.492477,0.738334,0
0.496750,0.098300,0.068850,0.114170,3
0.759148,0.025880,0.487411,0.217383,4
0.484359,0.411878,0.646626,0.782525,0
0.677969,0.111026,0.867214,0.691885,4
0.660604,0.759758,0.945799,0.938719,2
0.802393,0.697226,0.015503,0.171026,3
0.517319,0.107852,0.744346,0.221381,4
0.298349,0.040437,0.902524,0.529435,4
0.075228,0.460372,0.830592,0.863186,0
0.675222,0.991638,0.838862,0.245338,1
0.669210,0.504166,0.069735,0.491226,3
0.383343,0.203497,0.854518,0.263863,4
0.358318,0.378368,0.095096,0.053224,3
0.036836,0.462783,0.702811,0.985412,0
0.961089,0.568926,0.624653,0.868099,2
0.261086,0.147008,0.489120,0.378735,4
0.715506,0.928159,0.402234,0.801599,2
0.165563,0.806848,0.925047,0.219489,1
0.564348,0.819178,0.764244,0.567431,1
0.441389,0.872829,0.206977,0.453291,3
0.065218,0.385510,0.830836,0.152745,1
0.083926,0.487625,0.520463,0.684103,0
0.925810,0.945708,0.322336,0.369182,2
0.740654,0.462874,0.168554,0.787469,2
0.163884,0.512589,0.000793,0.528336,0
0.683554,0.361431,0.326243,0.648854,2
0.892666,0.438154,0.736259,0.242775,4
0.406995,0.704215,0.419019,0.026917,3
0.730735,0.182775,0.198096,0.351756,3
0.850215,0.302255,0.126896,0.541704,3
0.837489,0.210028,0.171697,0.972045,2
0.245094,0.713889,0.013337,0.788049,0
0.572954,0.005921,0.499619,0.673513,4
0.588794,0.826563,0.779138,0.573748,1
0.783288,0.223640,0.648091,0.780236,2
0.741356,0.564074,0.141240,0.282876,3
0.710593,0.953093,0.898343,0.795984,2
0.148350,0.718467,0.336863,0.364208,0
0.528398,0.115146,0.163152,0.955168,0
0.188726,0.907071,0.252205,0.944243,0
0.501602,0.981689,0.428205,0.898526,2
0.147130,0.654592,0.176427,0.565630,0
0.771630,0.819514,0.818354,0.473983,1
0.811884,0.600146,0.180517,0.050508,3
0.766778,0.660451,0.289193,0.662435,2
0.697439,0.829249,0.121311,0.488723,3
0.237098,0.195502,0.943510,0.628407,4
0.892117,0.330760,0.270211,0.350963,3
0.914853,0.794549,0.972381,0.895962,2
0.530717,0.579180,0.567278,0.727348,2
0.799371,0.650746,0.221931,0.649495,2
0.892300,0.241401,0.500046,0.690451,2
0.067446,0.050295,0.384655,0.159337,4
0.122593,0.008850,0.607410,0.783654,0
0.608356,0.766717,0.815638,0.332804,1
0.582018,0.554613,0.608570,0.634510,2
0.184057,0.580523,0.974120,0.389721,1
0.817896,0.615253,0.156957,0.692923,2
0.214362,0.923673,0.489914,0.663411,1
0.162481,0.198004,0.219123,0.094455,3
0.187109,0.649220,0.854793,0.526261,1
0.955473,0.912870,0.078555,0.648671,2
0.693167,0.925748,0.738792,0.440718,1
0.391552,0.429365,0.964812,0.952330,0
0.086825,0.256844,0.931761,0.134953,4
0.993316,0.058870,0.307077,0.627613,2
0.770837,0.625813,0.909696,0.903714,2
0.708670,0.461470,0.613453,0.685720,2
0.106449,0.765099,0.026063,0.033876,3
0.633656,0.477981,0.974578,0.014679,4
0.948851,0.550707,0.328501,0.355663,3
0.359996,0.087161,0.192663,0.993103,0
0.807031,0.522019,0.999878,0.918027,2
0.947813,0.487503,0.535417,0.227973,4
0.629109,0.526017,0.424787,0.789544,2
0.523270,0.304422,0.114872,0.418500,3
0.212439,0.486984,0.881191,0.984283,0
0.501236,0.922300,0.891324,0.343852,1
0.238868,0.301096,0.856502,0.512528,4
0.432905,0.941313,0.302194,0.976806,2
0.934660,0.855770,0.989196,0.556536,2
0.478530,0.759758,0.516098,0.721824,2
0.355846,0.174261,0.635121,0.771386,0
0.504959,0.280892,0.311533,0.778466,0
0.298318,0.685324,0.058962,0.710654,0
0.808435,0.744987,0.580981,0.629597,2
0.833064,0.617573,0.250679,0.377270,3
0.462081,0.686392,0.459609,0.654683,0
0.466109,0.519059,0.366741,0.899380,0
0.288797,0.015534,0.079379,0.868129,0
0.923978,0.901914,0.796747,0.330882,1
0.458663,0.226051,0.947844,0.782403,4
0.563555,0.011658,0.854671,0.577502,4
0.711722,0.726646,0.952055,0.396527,1
0.407422,0.722037,0.095340,0.447279,3
0.205603,0.298227,0.987457,0.309214,4
0.804010,0.554155,0.255898,0.826685,2
0.988311,0.675985,0.211890,0.957183,2
0.712638,0.821467,0.822077,0.981048,2
0.095584,0.256325,0.924436,0.978454,0
0.613788,0.898923,0.219642,0.980590,2
0.273873,0.928983,0.069185,0.700613,0
0.044221,0.617634,0.630970,0.251106,1
0.327799,0.033906,0.364452,0.754112,0
0.757134,0.784570,0.436140,0.249794,3
0.092868,0.443495,0.056429,0.810572,0
0.507218,0.826777,0.279641,0.265999,3
0.033113,0.769494,0.298135,0.445936,0
0.461043,0.561144,0.761620,0.346904,1
0.463881,0.695059,0.153356,0.128941,3
0.232002,0.088839,0.754265,0.348552,4
0.399152,0.431745,0.225654,0.334330,3
0.540574,0.814966,0.343272,0.111393,3
0.024598,0.301706,0.912076,0.780999,0
0.499374,0.592822,0.394360,0.761223,2
0.795038,0.444441,0.282113,0.795465,2
0.523515,0.993744,0.744469,0.134739,1
0.156957,0.649098,0.581805,0.800012,0
0.865535,0.701346,0.018159,0.330699,3
0.896542,0.311350,0.362316,0.926115,2
0.775689,0.031373,0.069338,0.385357,3
0.111911,0.515488,0.234138,0.752586,0
0.287027,0.575976,0.047304,0.073336,3
0.811151,0.241401,0.245796,0.168859,3
0.625690,0.973296,0.088321,0.833583,2
0.134648,0.696677,0.887906,0.363414,1
0.245827,0.802026,0.632008,0.819880,0
0.202948,0.773553,0.721915,0.936918,0
0.490066,0.601032,0.362651,0.076754,3
0.589404,0.631031,0.634205,0.140507,1
0.874325,0.013703,0.775872,0.840419,4
0.417707,0.401837,0.714774,0.239235,4
0.998230,0.057649,0.369671,0.964171,2
0.084628,0.024506,0.761376,0.000061,4
0.080172,0.519059,0.461165,0.469588,0
0.607776,0.200385,0.408246,0.305460,4
0.117496,0.472427,0.627735,0.222022,1
0.597949,0.475692,0.880093,0.891446,2
0.671621,0.924924,0.773614,0.731498,2
0.857143,0.448439,0.370952,0.210944,3
0.278146,0.585986,0.821162,0.078494,1
0.601001,0.100650,0.048158,0.422163,3
0.482131,0.761925,0.027406,0.964690,0
0.306467,0.255257,0.681295,0.501724,4
0.498184,0.375286,0.925352,0.888760,2
0.184637,0.158116,0.895871,0.483047,4
0.495621,0.109561,0.890378,0.447127,4
0.278115,0.185156,0.052431,0.819575,0
0.508621,0.678610,0.331675,0.759850,2
0.183874,0.674367,0.750511,0.873074,0
0.971404,0.221198,0.508713,0.021210,4
0.400952,0.882687,0.957335,0.526933,1
0.878353,0.820582,0.972564,0.175817,1
0.302866,0.068209,0.761834,0.924406,0
0.569201,0.148961,0.632282,0.718955,4
0.735557,0.697256,0.753655,0.331950,1
0.139134,0.237129,0.446425,0.622669,0
0.239845,0.776147,0.026795,0.127445,3
0.474075,0.368877,0.739341,0.386547,4
0.899197,0.308481,0.808863,0.913541,2
0.910642,0.100558,0.142674,0.213355,3
0.812250,0.877132,0.714621,0.755791,2
0.521500,0.405713,0.161687,0.309885,3
0.190649,0.351085,0.625172,0.546190,0
0.025391,0.944487,0.366771,0.312754,1
0.081606,0.717765,0.191748,0.491226,0
0.322367,0.458144,0.209693,0.839198,0
0.715537,0.039766,0.964629,0.725272,4
0.653859,0.288736,0.465194,0.162755,4
0.478652,0.537217,0.146977,0.048738,3
0.387921,0.023560,0.297220,0.014161,3
0.510880,0.794427,0.973968,0.791650,1
0.429365,0.264657,0.950438,0.507126,4
0.928220,0.092227,0.716330,0.801569,2
0.254860,0.523362,0.066591,0.188971,3
0.670522,0.864925,0.309671,0.557085,2
0.573138,0.239814,0.625965,0.216620,4
0.974212,0.282144,0.608051,0.406049,4
0.610157,0.927610,0.513718,0.657247,2
0.469863,0.956236,0.263070,0.928922,2
0.019257,0.443129,0.711295,0.913999,0
0.904813,0.773858,0.227699,0.426862,2
0.416303,0.380230,0.112949,0.276986,3
0.490951,0.853420,0.885250,0.535234,1
0.539781,0.589801,0.967009,0.598865,1
0.877285,0.626820,0.803125,0.961760,2
0.036042,0.824091,0.942259,0.095737,1
0.747551,0.046632,0.111942,0.349803,3
0.869564,0.506424,0.819544,0.272866,4
0.042970,0.918119,0.509354,0.266762,1
0.357707,0.625721,0.808039,0.975524,0
0.809931,0.356151,0.888852,0.317148,4
0.831385,0.755913,0.486557,0.564592,2
0.672475,0.367351,0.593768,0.381085,4
0.919828,0.200568,0.370190,0.217658,3
0.930113,0.557207,0.296213,0.977477,2
0.460921,0.262459,0.101566,0.354503,3
0.280404,0.961821,0.500961,0.752190,0
0.036378,0.637959,0.267251,0.188086,3
0.166692,0.005158,0.674245,0.091586,4
0.131748,0.936644,0.839229,0.400159,1
0.750664,0.581195,0.997803,0.860653,2
0.921812,0.325877,0.241157,0.942167,2
0.509995,0.260537,0.747765,0.266182,4
0.680380,0.300302,0.040071,0.960936,2
0.461135,0.622913,0.298441,0.845332,0
0.815851,0.576342,0.262429,0.849605,2
0.006836,0.713858,0.751427,0.578539,1
0.531053,0.111698,0.335765,0.423231,4
0.408948,0.626911,0.189306,0.128178,3
0.108646,0.250069,0.655019,0.219672,4
0.885861,0.210669,0.554674,0.201605,4
0.821100,0.990387,0.773949,0.925382,2
0.335368,0.900723,0.154027,0.039491,3
0.465835,0.381603,0.221473,0.926084,0
0.682211,0.676717,0.786706,0.029145,1
0.525559,0.042146,0.943266,0.982665,4
0.850765,0.144444,0.498611,0.442732,4
0.953307,0.804407,0.367840,0.031892,3
0.362682,0.742790,0.961425,0.300577,1
0.582537,0.484237,0.098331,0.112308,3
0.559618,0.075747,0.476180,0.359478,4
0.162389,0.775658,0.228645,0.414808,3
0.450789,0.369640,0.602527,0.225959,4
0.017884,0.270150,0.284921,0.458571,0
0.185644,0.054903,0.412275,0.594562,0
0.334880,0.601428,0.791986,0.391797,1
0.151585,0.473281,0.368542,0.611164,0
0.070406,0.714774,0.464705,0.417554,1
0.696646,0.709769,0.829585,0.361064,1
0.487838,0.261635,0.024415,0.344401,3
0.476913,0.549699,0.177679,0.482650,3
0.316843,0.119205,0.640400,0.262337,4
0.429518,0.560747,0.573138,0.905271,0
0.538804,0.034974,0.996094,0.343547,4
0.370067,0.299936,0.332987,0.712699,0
0.796747,0.396069,0.980712,0.768059,2
0.215400,0.645802,0.935179,0.131504,1
0.430647,0.123997,0.005524,0.774651,0
0.831141,0.255196,0.647206,0.644215,2
0.137547,0.694113,0.945402,0.836634,1
0.504501,0.145512,0.780236,0.227515,4
0.256691,0.280068,0.704947,0.962584,0
0.041749,0.401685,0.567888,0.715812,0
0.679708,0.023499,0.410199,0.122044,4
0.491165,0.008087,0.670125,0.289163,4
0.385632,0.428419,0.224921,0.796625,0
0.490280,0.805750,0.302316,0.086825,3
0.601367,0.880764,0.791986,0.655293,1
0.238929,0.574206,0.988952,0.945494,0
0.586505,0.293039,0.299692,0.355541,3
0.096622,0.238716,0.942595,0.262337,4
0.043703,0.873714,0.173437,0.469131,0
0.805414,0.202155,0.067934,0.983703,2
0.153783,0.021790,0.391888,0.532609,0
0.337382,0.802149,0.590533,0.718040,1
0.235786,0.346446,0.428449,0.223426,3
0.367443,0.892911,0.310770,0.974334,0
0.032319,0.811396,0.817713,0.660482,1
0.370830,0.552507,0.482772,0.525376,0
0.619556,0.004486,0.346782,0.829981,0
0.345897,0.914823,0.318278,0.896054,0
0.942412,0.532334,0.871853,0.136204,4
0.161779,0.126469,0.115635,0.976531,0
0.974761,0.539659,0.759331,0.077425,4
0.530900,0.428999,0.013581,0.760674,0
0.504593,0.353954,0.952544,0.046449,4
0.606800,0.365734,0.370281,0.209265,3
0.544145,0.255013,0.662923,0.256569,4
0.206641,0.114017,0.767113,0.238289,4
0.364971,0.369427,0.686544,0.792261,0
0.659017,0.942106,0.637623,0.832240,2
0.158300,0.690085,0.345439,0.784997,0
0.276437,0.791131,0.521470,0.282235,1
0.319956,0.220740,0.054079,0.714042,0
0.453200,0.982391,0.943297,0.549608,1
0.360698,0.245613,0.510758,0.832240,0
0.387829,0.049074,0.916623,0.753960,4
0.441328,0.723777,0.513962,0.716758,0
0.430860,0.693564,0.072726,0.786401,0
0.532762,0.808771,0.403790,0.944884,2
0.057405,0.869228,0.414686,0.048067,1
0.201300,0.493118,0.128422,0.894833,0
0.465011,0.987640,0.696158,0.313242,1
0.018708,0.377941,0.935484,0.671438,0
0.796014,0.250496,0.425214,0.717582,2
0.597461,0.567278,0.688314,0.157048,1
0.985412,0.106693,0.493484,0.871548,2
0.250740,0.687918,0.807703,0.187292,1
0.233467,0.834407,0.429884,0.098483,1
0.277779,0.033570,0.837947,0.851772,4
0.103366,0.247963,0.279489,0.798303,0
0.873897,0.834803,0.638447,0.919919,2
0.243873,0.530045,0.107669,0.935179,0
0.665670,0.653157,0.200110,0.391705,3
0.736961,0.188635,0.128666,0.651295,2
0.871090,0.901028,0.086673,0.173589,3
0.070437,0.139042,0.459822,0.005005,4
0.084811,0.485946,0.501206,0.879086,0
0.735771,0.911069,0.500259,0.834071,2
0.688162,0.580309,0.977386,0.754662,2
0.450484,0.980743,0.934904,0.743828,1
0.884426,0.515763,0.696066,0.730552,2
0.006043,0.227638,0.363262,0.220710,3
0.358867,0.802820,0.426527,0.596393,0
0.740471,0.516861,0.553606,0.870418,2
0.564013,0.275246,0.093051,0.302194,3
0.635792,0.405866,0.321512,0.781152,2
0.629780,0.359874,0.966186,0.383984,4
0.040986,0.976836,0.034059,0.011933,3
0.898556,0.470840,0.479141,0.514603,2
0.019501,0.793329,0.738578,0.205969,1
0.085421,0.529283,0.669332,0.179571,1
0.321879,0.982665,0.916562,0.328715,1
0.063326,0.607807,0.244667,0.477798,0
0.983459,0.442640,0.862697,0.531419,2
0.273171,0.700064,0.275002,0.047304,3
0.546983,0.173833,0.688681,0.139225,4
0.759087,0.615253,0.508591,0.116214,3
0.910428,0.736534,0.952055,0.764550,2
0.828364,0.997681,0.313303,0.678304,2
0.799371,0.832606,0.910245,0.545213,1
0.336863,0.471145,0.243324,0.793847,0
0.864925,0.012757,0.399396,0.507981,4
0.599078,0.908780,0.230293,0.015473,3
0.406171,0.508591,0.338359,0.056581,3
0.923246,0.827235,0.399853,0.938994,2
0.718040,0.189306,0.857448,0.585162,4
0.771477,0.906461,0.513047,0.878903,2
0.063723,0.644093,0.052431,0.216437,3
0.545061,0.634083,0.032655,0.669485,3
0.272561,0.389019,0.363536,0.665151,0
0.994476,0.075076,0.814692,0.590442,4
0.962554,0.199011,0.579150,0.226142,4
0.254585,0.766167,0.424726,0.417646,1
0.387921,0.564989,0.464827,0.887814,0
0.504898,0.735374,0.079318,0.599017,3
0.912137,0.275796,0.017304,0.570208,3
0.254524,0.646657,0.212531,0.555193,0
0.105136,0.125309,0.343242,0.488540,0
0.252510,0.069338,0.667135,0.105411,4
0.466323,0.744469,0.163152,0.641346,0
0.022889,0.872707,0.511124,0.018281,1
0.771935,0.558184,0.940458,0.423658,4
0.024934,0.745415,0.479202,0.687521,0
0.047914,0.867580,0.635121,0.365490,1
0.438185,0.840205,0.039033,0.932646,0
0.167547,0.056825,0.082858,0.995025,0
0.572710,0.543229,0.082736,0.924986,2
0.074007,0.925382,0.998901,0.826807,1
0.904233,0.368816,0.243294,0.238289,3
0.628071,0.144688,0.606769,0.475204,4
0.734214,0.978851,0.835963,0.024537,1
0.080721,0.840602,0.892453,0.892605,1
0.475204,0.327189,0.424512,0.314768,3
0.170995,0.300088,0.483077,0.732627,0
0.560778,0.929563,0.012970,0.444838,3
0.848415,0.803583,0.151006,0.838466,2
0.980804,0.257668,0.861751,0.606128,4
0.620655,0.581591,0.942595,0.856227,2
0.441542,0.259072,0.929106,0.521470,4
0.526414,0.897214,0.932127,0.973113,2
0.150945,0.001465,0.937590,0.245796,4
0.732902,0.252754,0.600757,0.780725,2
0.228645,0.442427,0.065493,0.091983,3
0.758446,0.722037,0.840480,0.263436,1
0.741142,0.323679,0.263161,0.681692,2
0.320261,0.407239,0.582904,0.911618,0
0.362011,0.190893,0.194433,0.120914,3
0.807123,0.021088,0.053163,0.959716,2
0.657094,0.538133,0.803125,0.301126,4
0.376904,0.593799,0.649037,0.749931,0
0.994568,0.077212,0.504196,0.324717,4
0.679373,0.305063,0.444502,0.220191,4
0.080020,0.132511,0.000519,0.055971,3
0.203650,0.441206,0.318949,0.517594,0
0.116977,0.160314,0.724052,0.796808,0
0.251167,0.477157,0.711020,0.736534,0
0.591540,0.393384,0.902158,0.087466,4
0.533006,0.283395,0.997314,0.782098,4
0.682943,0.610553,0.249275,0.632496,2
0.392682,0.458174,0.496506,0.358379,3
0.298532,0.031098,0.283120,0.351329,3
0.653981,0.784326,0.098300,0.081668,3
0.734001,0.334513,0.266182,0.554186,2
0.093204,0.811487,0.517136,0.718772,0
0.958434,0.804865,0.772118,0.242744,1
0.537309,0.563036,0.171148,0.550279,3
0.524552,0.600269,0.877132,0.536088,1
0.586169,0.368084,0.686209,0.858882,2
0.103885,0.147618,0.976379,0.221320,4
0.960448,0.818659,0.024659,0.542558,2
0.646931,0.662038,0.225410,0.429456,3
0.474136,0.851527,0.239387,0.853053,2
0.168126,0.791314,0.606586,0.436171,1
0.632344,0.955412,0.852535,0.258858,1
0.156316,0.385479,0.620411,0.587481,0
0.853816,0.502884,0.859554,0.433851,4
0.609668,0.391491,0.602008,0.350780,4
0.318644,0.207526,0.358074,0.370220,3
0.695853,0.872585,0.662496,0.490280,1
0.441023,0.705893,0.801874,0.617084,1
0.037355,0.152745,0.255379,0.368145,0
0.966704,0.264443,0.879543,0.643422,4
0.621509,0.086550,0.368053,0.369945,4
0.695791,0.611805,0.018708,0.326701,3
0.335582,0.453383,0.338023,0.455733,0
0.830409,0.895596,0.514786,0.565905,2
0.127110,0.477126,0.294473,0.835536,0
0.947264,0.764489,0.284829,0.019898,3
0.788995,0.470565,0.224647,0.770409,2
0.595355,0.575396,0.246559,0.970824,2
0.369488,0.605152,0.665212,0.498001,1
0.518662,0.725364,0.322184,0.312113,3
0.207678,0.805261,0.018616,0.283486,3
0.503739,0.108554,0.067293,0.662038,0
0.593310,0.767907,0.494675,0.595325,2
0.852443,0.698447,0.924955,0.601856,2
0.052126,0.107242,0.676748,0.405835,4
0.479476,0.254707,0.104251,0.039125,3
0.256050,0.624043,0.713340,0.617359,1
0.635151,0.155309,0.084597,0.695975,3
0.558245,0.700217,0.134342,0.612690,3
0.252998,0.353587,0.744407,0.722373,0
0.153233,0.818445,0.292611,0.930998,0
0.922483,0.460158,0.114933,0.434431,3
0.862270,0.206610,0.430250,0.068667,4
0.486496,0.950072,0.759484,0.177709,1
0.543168,0.607379,0.370037,0.405042,3
0.264260,0.494705,0.776971,0.315439,1
0.125797,0.172735,0.831874,0.253029,4
0.898740,0.418989,0.431043,0.341838,3
0.272042,0.483444,0.374096,0.035218,3
0.829463,0.283273,0.403943,0.120396,3
0.660939,0.693716,0.960051,0.584368,1
0.390118,0.590411,0.675405,0.247169,1
0.898984,0.800562,0.149266,0.569292,2
0.531205,0.617786,0.026429,0.538957,3
0.055116,0.038453,0.914182,0.045686,4
0.167730,0.374371,0.168523,0.646718,0
0.821009,0.398907,0.081118,0.131870,3
0.151769,0.682699,0.497269,0.793847,0
0.296152,0.274819,0.397168,0.809564,0
0.870266,0.385998,0.471358,0.639332,2
0.397992,0.230110,0.221198,0.849635,0
0.467513,0.680105,0.616504,0.266121,1
0.897244,0.894375,0.840510,0.862941,2
0.693045,0.570513,0.154363,0.294443,3
0.077761,0.982086,0.412061,0.476089,1
0.374004,0.454573,0.256478,0.119968,3
0.021973,0.437513,0.529069,0.632221,0
0.513077,0.828242,0.923032,0.277261,1
0.520951,0.704001,0.412244,0.016755,3
0.010926,0.118351,0.486831,0.927885,0
0.609424,0.118534,0.726341,0.608295,4
0.013977,0.639546,0.742332,0.473739,1
0.726127,0.431410,0.021363,0.354198,3
0.887082,0.676260,0.699393,0.295389,1
0.498886,0.450575,0.799280,0.971526,2
0.811060,0.689871,0.962249,0.615406,2
0.154729,0.811274,0.205023,0.872768,0
0.005432,0.650624,0.733360,0.486373,1
0.555193,0.870510,0.343364,0.216620,3
0.576128,0.494766,0.442396,0.904569,2
0.856197,0.726707,0.219886,0.083834,3
0.988098,0.706412,0.000092,0.047853,3
0.793481,0.364055,0.307657,0.777917,2
0.162816,0.024812,0.677206,0.639271,4
0.592639,0.922269,0.738548,0.250832,1
0.201270,0.276162,0.608295,0.435041,4
0.504318,0.090854,0.119602,0.654012,0
0.731284,0.330729,0.920835,0.838160,2
0.964293,0.628864,0.974639,0.013947,4
0.880398,0.184942,0.488907,0.636402,2
0.378643,0.009247,0.810327,0.033052,4
0.873348,0.168279,0.312235,0.865719,2
0.534104,0.188635,0.807886,0.015473,4
0.254921,0.275460,0.520096,0.798547,0
0.632832,0.501541,0.139286,0.917722,2
0.737480,0.623341,0.000153,0.056978,3
0.953001,0.680166,0.908933,0.524613,2
0.673605,0.032960,0.652394,0.851283,4
0.133580,0.998779,0.719657,0.749962,1
0.153783,0.736778,0.268014,0.342845,3
0.084780,0.543260,0.864498,0.062441,1
0.729179,0.210334,0.033448,0.132694,3
0.523026,0.605762,0.142888,0.036317,3
0.759026,0.129612,0.659139,0.874783,2
0.131169,0.204077,0.302255,0.027161,3
0.383587,0.452925,0.133366,0.014069,3
0.343669,0.726310,0.104190,0.972777,0
0.121586,0.627949,0.101413,0.650044,0
0.756737,0.700217,0.016022,0.318766,3
0.092959,0.923765,0.869350,0.524796,1
0.163427,0.687918,0.527146,0.069643,1
0.866512,0.887936,0.032746,0.136479,3
0.213904,0.305399,0.090487,0.964324,0
0.932493,0.928434,0.730918,0.977538,2
0.700583,0.366985,0.688864,0.776910,2
0.800439,0.020753,0.525590,0.897855,2
0.468093,0.154851,0.026399,0.742698,0
0.721580,0.540025,0.904904,0.593158,4
0.948790,0.813685,0.345012,0.108768,3
0.036683,0.217811,0.412275,0.218360,3
0.322520,0.870052,0.865627,0.809870,1
0.148656,0.224311,0.400372,0.125706,3
0.302133,0.877071,0.854732,0.269082,1
0.120212,0.375439,0.409894,0.728111,0
0.543382,0.183813,0.315836,0.323679,3
0.896481,0.464644,0.173620,0.487442,3
0.680135,0.829981,0.305704,0.276009,3
0.152654,0.720145,0.245247,0.027833,3
0.984649,0.565294,0.875912,0.068972,4
0.766778,0.386822,0.253273,0.373852,3
0.652577,0.994140,0.639149,0.587237,1
0.917203,0.433424,0.779962,0.313974,4
0.713248,0.844966,0.960692,0.082522,1
0.805444,0.384350,0.865200,0.888638,2
0.564745,0.364971,0.774743,0.724906,4
0.003693,0.276955,0.135380,0.003632,3
0.134037,0.839625,0.025941,0.278054,3
0.427595,0.743309,0.557482,0.168554,1
0.662252,0.236915,0.735710,0.900571,2
0.933744,0.217414,0.817682,0.359722,4
0.114719,0.977386,0.693625,0.071230,1
0.542436,0.267220,0.325541,0.008759,3
0.216132,0.828150,0.773827,0.640248,1
0.285409,0.051607,0.842738,0.115757,4
0.110843,0.922727,0.876522,0.004669,1
0.678335,0.902402,0.737053,0.487564,1
0.647847,0.905576,0.494308,0.409467,1
0.818567,0.031373,0.861202,0.101016,4
0.290963,0.201422,0.903592,0.373028,4
0.107730,0.362499,0.056887,0.591357,0
0.654134,0.410077,0.980956,0.238136,4
0.599567,0.488693,0.283517,0.865444,2
0.661428,0.825648,0.644673,0.847774,2
0.972320,0.753990,0.372265,0.839900,2
0.332224,0.081301,0.921018,0.345683,4
0.126530,0.460524,0.404889,0.304666,0
0.191473,0.918790,0.635701,0.102390,1
0.407819,0.200690,0.717673,0.911039,0
0.304697,0.082736,0.730308,0.765923,4
0.454237,0.314005,0.530290,0.285073,4
0.938322,0.340587,0.203650,0.437391,3
0.669179,0.469222,0.199774,0.265847,3
0.844569,0.626728,0.678182,0.972137,2
0.318949,0.371319,0.099399,0.268746,3
0.171941,0.312204,0.591449,0.405133,0
0.255409,0.593585,0.122593,0.773705,0
0.000153,0.599322,0.012421,0.502091,0
0.263680,0.534654,0.811792,0.938475,0
0.500351,0.041047,0.083041,0.434980,3
0.034761,0.500504,0.112339,0.336985,3
0.720267,0.185583,0.084414,0.582995,3
0.763146,0.911435,0.751610,0.822657,2
0.994354,0.345866,0.128422,0.458235,3
0.369518,0.634175,0.242592,0.516495,3
0.979003,0.494247,0.474013,0.756523,2
0.348521,0.438978,0.512986,0.920530,0
0.312632,0.281777,0.468612,0.533158,0
0.241218,0.581469,0.159062,0.156041,3
0.900967,0.182928,0.114597,0.503739,3
0.732841,0.509812,0.324656,0.326945,3
0.826899,0.765160,0.260598,0.469924,2
0.375408,0.696768,0.204871,0.007813,3
0.886013,0.083132,0.418043,0.870235,2
0.935575,0.596515,0.175176,0.857509,2
0.746544,0.198737,0.202429,0.455763,3
0.366894,0.727012,0.545274,0.357097,1
0.734550,0.825129,0.399792,0.091006,3
0.407941,0.876736,0.937925,0.673482,1
0.244026,0.096591,0.658132,0.679739,0
0.804559,0.436811,0.292886,0.647389,2
0.772240,0.462996,0.803766,0.215552,4
0.157781,0.858150,0.495895,0.906857,0
0.579608,0.709189,0.782769,0.957945,2
0.396435,0.233253,0.632527,0.105380,4
0.975188,0.099673,0.227363,0.732810,2
0.874660,0.003540,0.867031,0.285348,4
0.226478,0.648152,0.647420,0.358409,1
0.094699,0.791131,0.946318,0.366070,1
0.094882,0.511948,0.246620,0.196081,3
0.054567,0.355876,0.328867,0.757317,0
0.995727,0.511582,0.364147,0.826106,2
0.220679,0.677664,0.938627,0.097476,1
0.783288,0.775384,0.540941,0.848262,2
0.125401,0.163060,0.543870,0.116886,4
0.161229,0.508866,0.211097,0.807917,0
0.589831,0.977722,0.761132,0.626026,1
0.717582,0.889401,0.018342,0.246590,3
0.571490,0.503128,0.684133,0.628864,2
